language,filename,blank,comment,code,"github.com/AlDanial/cloc v 1.74  T=6.14 s (159.1 files/s, 28675.0 lines/s)"
Markdown,./fixtures/attribute-behavior/AttributeTableSnapshot.md,541,0,12984
JavaScript,./src/__mocks__/vendor/third_party/WebComponents.js,46,11,6322
JavaScript,./scripts/bench/benchmarks/pe-class-components/benchmark.js,185,0,4384
JavaScript,./scripts/bench/benchmarks/pe-no-components/benchmark.js,185,0,4021
JavaScript,./scripts/bench/benchmarks/pe-functional-components/benchmark.js,185,0,4018
JavaScript,./fixtures/attribute-behavior/src/attributes.js,6,3,2318
JavaScript,./src/renderers/dom/shared/__tests__/ReactDOMServerIntegration-test.js,310,209,2233
JavaScript,./src/renderers/shared/fiber/__tests__/ReactIncremental-test.js,375,169,2102
JavaScript,./src/renderers/__tests__/ReactComponentTreeHook-test.js,213,41,1961
JavaScript,./src/renderers/__tests__/ReactErrorBoundaries-test.js,135,150,1944
JavaScript,./src/renderers/dom/shared/__tests__/ReactDOMComponent-test.js,403,46,1886
JavaScript,./src/renderers/__tests__/ReactCompositeComponent-test.js,283,41,1187
JavaScript,./src/renderers/shared/fiber/ReactChildFiber.js,117,179,1164
JavaScript,./src/renderers/shared/fiber/ReactFiberScheduler.js,154,276,1139
JavaScript,./src/renderers/dom/shared/wrappers/__tests__/ReactDOMInput-test.js,203,49,1095
JavaScript,./src/renderers/shared/shared/event/eventPlugins/__tests__/ResponderEventPlugin-test.js,113,148,1093
Sass,./docs/css/react.scss,215,21,1026
JavaScript,./src/renderers/shared/fiber/__tests__/ReactIncrementalErrorHandling-test.js,137,16,1005
JavaScript,./src/renderers/dom/fiber/ReactDOMFiberComponent.js,56,142,994
JavaScript,./src/renderers/shared/stack/reconciler/ReactCompositeComponent.js,116,248,983
JavaScript,./src/renderers/dom/fiber/__tests__/ReactDOMFiber-test.js,144,36,969
JavaScript,./src/renderers/__tests__/ReactUpdates-test.js,210,34,968
JavaScript,./src/renderers/dom/stack/client/ReactDOMComponent.js,69,190,936
JavaScript,./fixtures/attribute-behavior/src/App.js,75,13,936
Markdown,./CHANGELOG.md,375,0,891
JavaScript,./src/renderers/shared/fiber/__tests__/ReactIncrementalSideEffects-test.js,140,80,860
Markdown,./docs/tutorial/tutorial.md,249,0,849
JavaScript,./src/isomorphic/children/__tests__/ReactChildren-test.js,127,22,780
JavaScript,./src/renderers/shared/server/ReactPartialRenderer.js,54,35,745
JavaScript,./src/renderers/__tests__/ReactMultiChildReconcile-test.js,63,62,743
JavaScript,./src/renderers/testing/__tests__/ReactTestRenderer-test.js,70,20,720
JavaScript,./src/renderers/dom/fiber/ReactDOMFiberEntry.js,78,40,716
YAML,./docs/_data/acknowledgements.yml,0,0,697
Markdown,./docs/contributing/implementation-notes.md,219,0,677
JavaScript,./src/renderers/__tests__/ReactHostOperationHistoryHook-test.js,105,13,661
JavaScript,./src/renderers/dom/shared/__tests__/ReactServerRendering-test.js,118,41,642
JavaScript,./src/renderers/__tests__/ReactPerf-test.js,86,25,633
JavaScript,./src/renderers/shared/fiber/ReactFiberBeginWork.js,75,147,619
JavaScript,./src/renderers/testing/__tests__/ReactShallowRenderer-test.js,121,16,594
JavaScript,./src/renderers/dom/shared/wrappers/__tests__/ReactDOMSelect-test.js,102,19,549
JavaScript,./src/renderers/testing/ReactTestRendererFiberEntry.js,69,25,547
JavaScript,./src/renderers/dom/stack/client/ReactMount.js,64,181,533
C/C++ Header,./scripts/perf-counters/src/thread-local.h,123,135,502
JavaScript,./src/isomorphic/classic/element/__tests__/ReactElement-test.js,72,27,498
JavaScript,./src/renderers/shared/fiber/ReactFiberClassComponent.js,58,132,492
JavaScript,./scripts/rollup/build.js,32,42,490
JavaScript,./src/renderers/shared/fiber/ReactFiberCommitWork.js,31,79,488
JavaScript,./src/renderers/__tests__/ReactComponentLifeCycle-test.js,90,56,487
JavaScript,./src/renderers/dom/shared/hooks/possibleStandardNames.js,3,13,482
JavaScript,./src/renderers/dom/shared/validateDOMNesting.js,53,64,474
JavaScript,./src/renderers/__tests__/ReactComponent-test.js,68,24,472
Markdown,./docs/_posts/2016-07-13-mixins-considered-harmful.md,155,0,459
JavaScript,./src/renderers/dom/shared/__tests__/ReactRenderDocument-test.js,68,21,454
TypeScript,./src/isomorphic/modern/class/__tests__/ReactTypeScriptClass-test.ts,58,34,446
JavaScript,./src/renderers/shared/fiber/__tests__/ReactIncrementalPerf-test.js,50,22,429
JavaScript,./src/isomorphic/classic/element/__tests__/ReactElementValidator-test.js,81,20,422
JavaScript,./src/renderers/art/ReactARTFiberEntry.js,96,33,422
JavaScript,./src/renderers/__tests__/refs-test.js,74,53,415
JavaScript,./src/isomorphic/modern/class/__tests__/ReactES6Class-test.js,32,9,409
JavaScript,./src/isomorphic/classic/__tests__/createReactClassIntegration-test.js,33,9,407
JavaScript,./src/renderers/__tests__/ReactCompositeComponentState-test.js,53,43,393
JavaScript,./src/renderers/shared/ReactPerf.js,51,23,382
JavaScript,./src/renderers/shared/ReactDebugTool.js,41,17,381
JavaScript,./fixtures/fiber-debugger/src/Fibers.js,22,3,379
JavaScript,./src/renderers/native/ReactNativeAttributePayload.js,47,91,376
JavaScript,./src/renderers/shared/fiber/ReactFiberUpdateQueue.js,50,96,375
JavaScript,./src/renderers/dom/shared/__tests__/ReactBrowserEventEmitter-test.js,48,21,368
JavaScript,./src/renderers/noop/ReactNoopEntry.js,63,40,367
C++,./scripts/perf-counters/src/hardware-counter.cpp,63,40,366
JavaScript,./src/renderers/shared/stack/reconciler/ReactMultiChild.js,30,156,358
JavaScript,./scripts/rollup/bundles.js,23,22,348
CoffeeScript,./src/isomorphic/modern/class/__tests__/ReactCoffeeScriptClass-test.coffee,77,2,347
JavaScript,./src/renderers/native/__tests__/ReactNativeEvents-test.js,55,18,346
Markdown,./docs/docs/state-and-lifecycle.md,126,0,346
JavaScript,./src/renderers/dom/test/ReactTestUtilsEntry.js,48,127,344
JavaScript,./src/renderers/dom/shared/__tests__/ReactMount-test.js,63,25,340
JavaScript,./src/renderers/__tests__/ReactStatelessComponent-test.js,64,21,338
Markdown,./docs/docs/integrating-with-other-libraries.md,111,0,328
JavaScript,./src/renderers/dom/test/__tests__/ReactTestUtils-test.js,55,11,327
JavaScript,./src/renderers/shared/fiber/ReactDebugFiberPerf.js,43,46,324
JavaScript,./src/isomorphic/hooks/ReactComponentTreeHook.js,40,33,323
Markdown,./docs/docs/higher-order-components.md,106,0,317
JavaScript,./src/isomorphic/modern/element/__tests__/ReactJSXElementValidator-test.js,59,22,317
JavaScript,./src/renderers/shared/fiber/ReactFiberCompleteWork.js,26,63,316
JavaScript,./src/renderers/__tests__/ReactMultiChild-test.js,66,12,315
JavaScript,./src/isomorphic/classic/element/__tests__/ReactElementClone-test.js,48,10,310
Markdown,./docs/docs/jsx-in-depth.md,119,0,307
Markdown,./scripts/release-manager/Readme.md,174,0,306
Markdown,./docs/_posts/2015-12-18-react-components-elements-and-instances.md,80,0,303
Sass,./docs/_css/bourbon/addons/_button.scss,65,12,297
JavaScript,./src/renderers/shared/fiber/ReactFiber.js,65,97,295
JavaScript,./src/renderers/native/ReactNativeFiberRenderer.js,57,33,292
JavaScript,./src/isomorphic/classic/__tests__/ReactContextValidator-test.js,55,22,291
JavaScript,./src/renderers/dom/shared/wrappers/__tests__/ReactDOMTextarea-test.js,87,12,287
JavaScript,./src/renderers/dom/shared/eventPlugins/BeforeInputEventPlugin.js,41,154,281
Markdown,./docs/docs/optimizing-performance.md,114,0,278
JavaScript,./src/renderers/shared/shared/event/eventPlugins/ResponderEventPlugin.js,37,282,278
Markdown,./docs/docs/installation.md,64,0,277
JavaScript,./src/renderers/shared/fiber/__tests__/ReactIncrementalTriangle-test.js,28,17,274
CSS,./docs/css/codemirror.css,43,26,271
JavaScript,./src/renderers/shared/fiber/__tests__/ReactIncrementalScheduling-test.js,45,38,271
JavaScript,./src/renderers/art/__tests__/ReactART-test.js,50,12,267
JavaScript,./src/renderers/shared/fiber/__tests__/ReactIncrementalUpdates-test.js,44,34,266
JavaScript,./src/renderers/shared/fiber/ReactFiberReconciler.js,41,17,264
Markdown,./docs/docs/addons-animation.md,87,0,262
JavaScript,./src/renderers/dom/shared/__tests__/renderSubtreeIntoContainer-test.js,51,13,260
Markdown,./docs/contributing/codebase-overview.md,144,0,260
JavaScript,./src/isomorphic/classic/element/ReactElement.js,36,85,260
JavaScript,./scripts/rollup/modules.js,29,32,258
JavaScript,./src/renderers/shared/shared/event/SyntheticEvent.js,34,70,256
JavaScript,./src/isomorphic/children/ReactChildren.js,33,103,255
Markdown,./docs/_posts/2014-09-24-testing-flux-applications.md,70,0,255
Markdown,./docs/docs/reference-react-component.md,137,0,253
JavaScript,./src/renderers/dom/shared/__tests__/ReactDOM-test.js,33,55,252
JavaScript,./src/renderers/shared/fiber/ReactFiberHydrationContext.js,25,46,251
Markdown,./docs/docs/lifting-state-up.md,75,0,250
JavaScript,./fixtures/fiber-debugger/src/App.js,14,2,249
JavaScript,./src/renderers/shared/stack/reconciler/__tests__/Transaction-test.js,24,33,249
Markdown,./docs/docs/reference-events.md,102,0,248
JavaScript,./src/renderers/dom/__tests__/ReactDOMProduction-test.js,33,14,244
JavaScript,./src/renderers/dom/fiber/__tests__/ReactDOMFiberAsync-test.js,41,9,244
JavaScript,./src/renderers/__tests__/ReactEmptyComponent-test.js,53,17,243
Markdown,./docs/_posts/2015-02-18-react-conf-roundup-2015.md,29,0,240
Markdown,./docs/docs/lists-and-keys.md,59,0,240
JSON,./scripts/error-codes/codes.json,0,0,237
JavaScript,./src/renderers/shared/fiber/ReactFiberContext.js,36,43,237
JavaScript,./scripts/release-manager/commands/stable-prs.js,19,31,236
JavaScript,./src/renderers/dom/fiber/wrappers/ReactDOMFiberInput.js,28,73,236
JavaScript,./src/renderers/dom/stack/client/wrappers/ReactDOMInput.js,29,75,233
JavaScript,./src/isomorphic/classic/element/ReactElementValidator.js,34,62,230
JavaScript,./src/renderers/shared/fiber/ReactFiberTreeReflection.js,20,47,230
JavaScript,./src/renderers/dom/shared/hooks/ReactDOMUnknownPropertyHook.js,28,21,229
JavaScript,./src/renderers/dom/shared/eventPlugins/SimpleEventPlugin.js,9,38,228
JavaScript,./scripts/bench/benchmarks/hacker-news/benchmark.js,10,0,219
JavaScript,./src/renderers/dom/shared/__tests__/CSSPropertyOperations-test.js,35,9,215
HTML,./fixtures/fiber-triangle/index.html,9,0,212
CSS,./docs/css/syntax.css,134,65,210
JavaScript,./src/renderers/dom/shared/DOMPropertyOperations.js,21,56,209
Markdown,./docs/docs/forms.md,53,0,208
Markdown,./docs/docs/components-and-props.md,60,0,206
JavaScript,./src/renderers/testing/ReactShallowRendererEntry.js,49,16,203
JavaScript,./docs/_js/live_editor.js,29,4,201
JavaScript,./src/renderers/dom/shared/__tests__/ReactDOMSVG-test.js,11,12,201
Markdown,./docs/docs/reference-test-renderer.md,83,0,200
JavaScript,./src/renderers/__tests__/ReactTreeTraversal-test.js,23,20,198
JavaScript,./src/renderers/shared/utils/__tests__/ReactErrorUtils-test.js,25,18,196
JavaScript,./src/renderers/native/__tests__/ReactNativeAttributePayload-test.js,28,12,194
JavaScript,./src/renderers/dom/stack/client/DOMChildrenOperations.js,18,36,194
JavaScript,./src/renderers/dom/shared/eventPlugins/ChangeEventPlugin.js,32,85,193
JSON,./scripts/rollup/results.json,0,0,192
JavaScript,./src/renderers/__tests__/ReactIdentity-test.js,41,11,192
Markdown,./docs/docs/conditional-rendering.md,51,0,191
JavaScript,./src/renderers/shared/fiber/__tests__/ReactCoroutine-test.js,37,16,190
JavaScript,./src/renderers/shared/shared/event/__tests__/EventPluginRegistry-test.js,36,10,188
Sass,./docs/_css/bourbon/css3/_flex-box.scss,69,66,186
CSS,./fixtures/dom/src/style.css,35,0,185
JavaScript,./src/renderers/shared/fiber/__tests__/ReactIncrementalReflection-test.js,67,31,185
Markdown,./docs/docs/addons-test-utils.md,79,0,184
JavaScript,./src/renderers/dom/shared/eventPlugins/__tests__/BeforeInputEventPlugin-test.js,31,39,183
Markdown,./docs/docs/react-without-es6.md,45,0,180
JavaScript,./src/renderers/shared/shared/event/eventPlugins/ResponderTouchHistoryStore.js,20,24,179
JavaScript,./src/renderers/__tests__/ReactMultiChildText-test.js,33,20,178
C++,./scripts/perf-counters/src/jsc-perf.cpp,20,7,175
Markdown,./docs/_posts/2016-09-28-our-first-50000-stars.md,55,0,174
Markdown,./docs/docs/accessibility.md,104,0,174
JavaScript,./src/renderers/dom/shared/__tests__/ReactDOMEventListener-test.js,25,16,173
Markdown,./docs/docs/refs-and-the-dom.md,52,0,173
Sass,./docs/_css/_solarized.scss,0,0,171
JavaScript,./src/renderers/shared/stack/reconciler/ReactUpdateQueue.js,27,63,165
Markdown,./docs/docs/context.md,54,0,165
JavaScript,./src/isomorphic/modern/element/__tests__/ReactJSXElement-test.js,30,8,164
JavaScript,./src/renderers/dom/shared/eventPlugins/__tests__/ChangeEventPlugin-test.js,49,9,164
Markdown,./docs/_posts/2015-03-19-building-the-facebook-news-feed-with-relay.md,57,0,163
JavaScript,./fixtures/dom/src/components/fixtures/number-inputs/index.js,32,0,162
JavaScript,./src/renderers/shared/utils/ReactErrorUtils.js,25,89,162
JavaScript,./src/renderers/dom/shared/__tests__/ReactDOMTextComponent-test.js,30,19,161
JavaScript,./src/renderers/dom/fiber/wrappers/ReactDOMFiberSelect.js,21,34,160
JavaScript,./scripts/facts-tracker/index.js,23,7,160
Markdown,./docs/_posts/2016-04-07-react-v15.md,100,0,159
JavaScript,./src/renderers/shared/shared/event/EventPluginUtils.js,23,53,158
JavaScript,./fixtures/dom/src/components/fixtures/error-handling/index.js,6,2,156
JavaScript,./src/renderers/dom/shared/ReactDOMComponentTree.js,28,62,155
JavaScript,./src/renderers/dom/shared/syntheticEvents/__tests__/SyntheticEvent-test.js,25,15,154
Markdown,./docs/_posts/2017-04-07-react-v15.5.0.md,73,0,154
JavaScript,./src/renderers/dom/shared/__tests__/validateDOMNesting-test.js,11,14,151
JavaScript,./src/renderers/shared/shared/event/EventPluginRegistry.js,22,80,151
Markdown,./docs/_posts/2015-02-24-streamlining-react-elements.md,80,0,150
Markdown,./docs/_posts/2014-10-14-introducing-react-elements.md,72,0,150
JavaScript,./src/renderers/shared/stack/reconciler/ReactChildReconciler.js,12,53,147
JavaScript,./src/renderers/shared/shared/event/EventPluginHub.js,17,85,146
JavaScript,./scripts/bench/stats.js,14,2,145
JavaScript,./src/renderers/shared/stack/reconciler/ReactReconciler.js,18,60,145
JavaScript,./src/renderers/dom/shared/DOMProperty.js,25,98,143
JavaScript,./src/renderers/dom/shared/__tests__/DOMPropertyOperations-test.js,18,12,143
Markdown,./docs/_posts/2015-10-07-react-v0.14.md,62,0,141
JavaScript,./src/renderers/dom/shared/eventPlugins/__tests__/SimpleEventPlugin-test.js,37,9,140
JavaScript,./src/renderers/native/__tests__/ReactNativeMount-test.js,33,13,139
Markdown,./docs/docs/composition-vs-inheritance.md,32,0,139
Markdown,./docs/docs/typechecking-with-proptypes.md,33,0,138
JavaScript,./src/renderers/dom/stack/client/wrappers/ReactDOMSelect.js,23,42,138
JavaScript,./scripts/release-manager/commands/version.js,16,22,138
JavaScript,./src/renderers/shared/stack/reconciler/ReactUpdates.js,31,52,137
Markdown,./docs/_posts/2017-09-26-react-v16.0.md,72,0,137
JavaScript,./src/renderers/dom/shared/eventPlugins/SelectEventPlugin.js,21,57,136
JavaScript,./src/renderers/dom/shared/ReactDOMEventListener.js,22,48,136
JavaScript,./src/__mocks__/UIManager.js,10,13,135
JavaScript,./fixtures/dom/src/components/TestCase.js,21,0,132
JavaScript,./src/renderers/dom/shared/hooks/ReactDOMInvalidARIAHook.js,20,18,131
Markdown,./docs/docs/reference-dom-elements.md,41,0,129
JavaScript,./src/renderers/__tests__/ReactChildReconciler-test.js,27,10,128
Markdown,./docs/community/videos.md,47,0,127
JavaScript,./src/renderers/dom/ReactDOMStackEntry.js,19,22,127
JavaScript,./scripts/rollup/packaging.js,17,24,126
JavaScript,./src/renderers/dom/shared/ReactBrowserEventEmitter.js,17,100,125
Markdown,./docs/docs/reference-react.md,68,0,125
Markdown,./docs/_posts/2015-01-27-react-v0.13.0-beta-1.md,41,0,124
JavaScript,./src/renderers/dom/shared/SVGDOMPropertyConfig.js,10,21,124
Markdown,./docs/_posts/2016-11-16-react-v15.4.0.md,50,0,124
Markdown,./docs/_posts/2015-09-10-react-v0.14-rc1.md,55,0,124
JavaScript,./src/renderers/dom/stack/client/ReactDOMTextComponent.js,13,49,123
JavaScript,./src/renderers/dom/shared/__tests__/ReactDOMAttribute-test.js,24,8,123
Markdown,./docs/_posts/2017-09-08-dom-attributes-in-react-16.md,67,0,120
JavaScript,./src/renderers/dom/shared/__tests__/inputValueTracking-test.js,48,14,119
JavaScript,./src/renderers/shared/stack/reconciler/traverseStackChildren.js,19,60,119
Markdown,./docs/docs/introducing-jsx.md,44,0,118
Markdown,./docs/_posts/2014-07-17-react-v0.11.md,45,0,118
JavaScript,./src/renderers/shared/shared/event/eventPlugins/TouchHistoryMath.js,12,19,117
JSON,./package.json,0,0,116
Markdown,./docs/docs/portals.md,28,0,116
JavaScript,./src/renderers/testing/__tests__/ReactTestRendererTraversal-test.js,23,14,116
JavaScript,./scripts/bench/benchmark.js,18,2,115
JavaScript,./src/renderers/dom/fiber/wrappers/ReactDOMFiberTextarea.js,20,42,114
Markdown,./docs/_posts/2014-02-20-react-v0.9.md,30,0,114
JavaScript,./scripts/bench/runner.js,17,9,113
Sass,./docs/_css/_typography.scss,23,0,112
JavaScript,./src/renderers/dom/stack/client/wrappers/ReactDOMTextarea.js,20,41,112
Markdown,./docs/community/videos.ko-KR.md,62,0,112
Markdown,./docs/community/videos.it-IT.md,61,0,112
Markdown,./docs/community/videos.zh-CN.md,61,0,112
JavaScript,./src/renderers/dom/shared/warnValidStyle.js,21,15,112
CSS,./docs/css/main.css,31,23,111
JavaScript,./src/renderers/dom/shared/eventPlugins/TapEventPlugin.js,20,23,111
Markdown,./docs/docs/handling-events.md,30,0,111
JavaScript,./src/renderers/dom/shared/CSSProperty.js,9,33,110
JavaScript,./scripts/release-manager/commands/docs-prs.js,15,26,109
JavaScript,./src/renderers/shared/fiber/__tests__/ReactTopLevelFragment-test.js,39,10,109
Markdown,./docs/_posts/2014-07-13-react-v0.11-rc1.md,37,0,107
JavaScript,./src/renderers/native/ReactNativeEventEmitter.js,14,79,107
JavaScript,./src/renderers/dom/shared/inputValueTracking.js,21,17,106
Markdown,./docs/_posts/2014-02-16-react-v0.9-rc1.md,26,0,106
JavaScript,./fixtures/art/VectorWidget.js,12,32,104
JavaScript,./fixtures/fiber-debugger/src/describeFibers.js,7,0,104
JavaScript,./src/renderers/shared/stack/reconciler/ReactRef.js,18,22,104
Markdown,./docs/community/conferences.md,65,0,104
JavaScript,./src/renderers/shared/stack/reconciler/Transaction.js,12,126,103
JavaScript,./src/renderers/shared/stack/reconciler/instantiateReactComponent.js,19,34,103
JavaScript,./scripts/bench/build.js,15,15,102
Markdown,./docs/_posts/2016-07-22-create-apps-with-no-configuration.md,63,0,102
Markdown,./docs/docs/addons-two-way-binding-helpers.md,30,0,101
Markdown,./docs/_posts/2015-10-01-react-render-and-top-level-api.md,33,0,100
Markdown,./docs/contributing/how-to-contribute.md,63,0,100
JavaScript,./src/renderers/dom/shared/__tests__/ReactDOMComponentTree-test.js,17,14,100
YAML,./docs/crowdin.yaml,1,0,100
JavaScript,./src/renderers/native/ReactNativeFiberInspector.js,16,12,100
JavaScript,./src/isomorphic/modern/class/__tests__/ReactPureComponent-test.js,15,10,100
JavaScript,./src/renderers/__tests__/refs-destruction-test.js,15,9,100
C/C++ Header,./scripts/perf-counters/src/portability.h,34,51,99
Markdown,./docs/docs/reconciliation.md,54,0,99
JavaScript,./src/renderers/shared/ReactDOMFrameScheduling.js,16,42,98
JavaScript,./src/renderers/__tests__/ReactCompositeComponentNestedState-test.js,14,9,98
Markdown,./docs/_posts/2014-10-17-community-roundup-23.md,55,0,97
JavaScript,./src/renderers/shared/stack/__tests__/PooledClass-test.js,13,8,96
JavaScript,./src/renderers/shared/shared/ReactTreeTraversal.js,12,36,96
JavaScript,./fixtures/dom/src/components/fixtures/selects/index.js,13,0,95
JavaScript,./scripts/release-manager/cli.js,27,16,95
Markdown,./docs/docs/thinking-in-react.md,55,0,95
JavaScript,./src/renderers/shared/shared/event/EventPropagators.js,18,49,93
HTML,./fixtures/packaging/index.html,0,0,92
JavaScript,./src/renderers/native/NativeMethodsMixin.js,18,94,91
JavaScript,./src/renderers/dom/shared/syntheticEvents/__tests__/SyntheticKeyboardEvent-test.js,21,10,91
Markdown,./docs/docs/addons-perf.md,54,0,90
JavaScript,./src/renderers/dom/stack/client/DOMLazyTree.js,13,25,90
JavaScript,./eslint-rules/__tests__/warning-and-invariant-args-test.js,3,8,89
JavaScript,./src/renderers/dom/stack/client/wrappers/ReactDOMOption.js,19,21,88
Markdown,./docs/_posts/2013-11-06-community-roundup-10.md,36,0,88
YAML,./docs/_data/nav_tutorial.yml,0,0,88
JavaScript,./src/renderers/shared/fiber/ReactFiberHostContext.js,22,18,88
JavaScript,./scripts/prettier/index.js,11,11,88
JavaScript,./src/isomorphic/modern/class/ReactBaseClasses.js,13,68,87
JavaScript,./src/renderers/dom/shared/eventPlugins/EnterLeaveEventPlugin.js,14,20,86
Markdown,./docs/docs/addons-update.md,31,0,86
Markdown,./docs/index.md,1,0,86
Markdown,./docs/contributing/design-principles.md,75,0,86
Markdown,./docs/_posts/2014-02-05-community-roundup-15.md,40,0,85
JavaScript,./scripts/jest/ts-preprocessor.js,6,5,85
JavaScript,./docs/_js/ErrorDecoderComponent.js,17,8,84
JavaScript,./src/test/ReactComponentTreeTestUtils.js,9,12,84
JavaScript,./src/renderers/native/ReactNativeFiberEntry.js,25,19,84
JavaScript,./src/renderers/dom/shared/DOMMarkupOperations.js,11,35,84
Markdown,./docs/_posts/2014-10-28-react-v0.12.md,44,0,83
Markdown,./docs/_posts/2014-10-16-react-v0.12-rc1.md,67,0,83
JavaScript,./src/renderers/dom/shared/ReactDOMSelection.js,24,51,82
JavaScript,./src/renderers/shared/stack/PooledClass.js,12,27,82
JavaScript,./fixtures/dom/src/components/fixtures/input-change-events/index.js,13,0,82
JavaScript,./fixtures/dom/src/components/fixtures/text-inputs/index.js,14,0,82
JavaScript,./src/renderers/dom/shared/ReactInputSelection.js,16,34,82
JavaScript,./fixtures/dom/src/components/Header.js,3,0,81
JavaScript,./scripts/error-codes/replace-invariant-error-codes.js,13,41,81
JavaScript,./scripts/jest/preprocessor.js,9,12,81
JavaScript,./packages/react-art/lib/Rectangle.art.js,20,35,81
YAML,./docs/_data/nav_docs.yml,0,0,81
JavaScript,./src/renderers/dom/shared/CSSPropertyOperations.js,9,28,81
Markdown,./docs/_posts/2013-12-30-community-roundup-13.md,37,0,80
JavaScript,./src/renderers/dom/shared/utils/ReactControlledValuePropTypes.js,9,14,80
JavaScript,./src/renderers/shared/shared/event/BrowserEventConstants.js,6,15,80
JavaScript,./src/renderers/dom/shared/wrappers/__tests__/ReactDOMOption-test.js,17,9,79
Markdown,./docs/docs/reference-react-dom.md,31,0,79
JavaScript,./src/renderers/dom/shared/HTMLDOMPropertyConfig.js,6,38,78
HTML,./docs/_layouts/default.html,12,6,78
JavaScript,./src/renderers/__tests__/ReactMockedComponent-test.js,23,8,77
JavaScript,./src/renderers/dom/stack/server/ReactServerUpdateQueue.js,12,61,77
JavaScript,./flow/react-native-host-hooks.js,2,9,77
Markdown,./docs/_posts/2014-07-28-community-roundup-20.md,38,0,76
JavaScript,./src/renderers/native/ReactNativeTypes.js,12,19,76
Markdown,./docs/_posts/2014-08-03-community-roundup-21.md,37,0,76
Markdown,./docs/_posts/2014-09-12-community-round-up-22.md,38,0,76
YAML,./docs/_data/authors.yml,0,3,75
JavaScript,./src/renderers/native/ReactNativeBridgeEventPlugin.js,10,12,75
JavaScript,./src/renderers/native/ReactNativeComponent.js,19,82,75
C/C++ Header,./scripts/perf-counters/src/hardware-counter.h,19,14,75
Markdown,./docs/warnings/dont-call-proptypes.md,25,0,75
JavaScript,./packages/react-art/lib/Wedge.art.js,33,78,75
JavaScript,./scripts/error-codes/__tests__/dev-expression-with-codes-test.js,14,7,75
C++,./scripts/perf-counters/src/thread-local.cpp,16,9,74
JavaScript,./src/renderers/shared/stack/reconciler/flattenStackChildren.js,9,26,74
Markdown,./docs/_posts/2017-07-26-error-handling-in-react-16.md,40,0,74
JavaScript,./src/isomorphic/children/__tests__/onlyChild-test.js,9,8,74
Markdown,./docs/_posts/2013-07-23-community-roundup-5.md,24,0,74
JavaScript,./scripts/error-codes/extract-errors.js,14,17,73
JavaScript,./src/renderers/dom/shared/__tests__/findDOMNode-test.js,17,8,73
Markdown,./docs/_posts/2015-05-01-graphql-introduction.md,35,0,72
YAML,./docs/_config.yml,0,0,72
Markdown,./docs/_posts/2013-06-27-community-roundup-3.md,19,0,71
JavaScript,./src/renderers/dom/shared/findDOMNode.js,9,9,71
JavaScript,./src/renderers/dom/stack/client/ReactReconcileTransaction.js,19,88,71
JavaScript,./src/renderers/dom/shared/utils/getEventKey.js,9,30,71
JavaScript,./src/renderers/__tests__/ReactCompositeComponentDOMMinimalism-test.js,11,15,70
JavaScript,./src/renderers/shared/shared/event/ReactControlledComponent.js,13,15,70
JavaScript,./src/renderers/dom/shared/__tests__/ReactDOMInvalidARIAHook-test.js,7,11,69
JavaScript,./src/renderers/native/ReactNativeFiberHostComponent.js,16,21,68
Sass,./docs/_css/bourbon/_bourbon.scss,5,6,68
Sass,./docs/_css/bourbon/addons/_directional-values.scss,20,24,67
Markdown,./docs/_posts/2013-10-3-community-roundup-9.md,31,0,67
Markdown,./docs/_posts/2013-06-05-why-react.md,21,0,67
JavaScript,./scripts/bench/server.js,10,1,67
JavaScript,./src/renderers/dom/stack/server/ReactServerRendering.js,10,25,67
Markdown,./docs/_posts/2013-12-23-community-roundup-12.md,36,0,66
JavaScript,./src/renderers/shared/fiber/ReactFiberDevToolsHook.js,10,14,66
TypeScript,./scripts/jest/jest.d.ts,5,1,66
Markdown,./docs/docs/rendering-elements.md,29,0,66
Markdown,./docs/_posts/2017-06-13-react-v15.6.0.md,29,0,66
JavaScript,./src/renderers/dom/shared/utils/assertValidProps.js,7,10,66
JavaScript,./src/renderers/dom/shared/eventPlugins/__tests__/FallbackCompositionState-test.js,17,9,65
JavaScript,./eslint-rules/warning-and-invariant-args.js,5,16,65
Sass,./docs/_css/bourbon/addons/_triangle.scss,18,0,65
JavaScript,./src/renderers/dom/shared/eventPlugins/__tests__/SelectEventPlugin-test.js,16,11,64
JavaScript,./src/renderers/dom/shared/__tests__/ReactMountDestruction-test.js,13,12,63
JavaScript,./scripts/rollup/stats.js,8,2,63
Ruby,./docs/Rakefile,9,2,63
Markdown,./docs/_posts/2015-08-03-new-react-devtools-beta.md,28,0,63
JavaScript,./src/renderers/shared/fiber/ReactFiberStack.js,22,9,61
Markdown,./docs/_posts/2013-08-26-community-roundup-7.md,12,0,61
JavaScript,./src/renderers/shared/stack/reconciler/ReactOwner.js,8,64,61
JavaScript,./src/renderers/shared/fiber/isomorphic/ReactCoroutine.js,13,21,61
JavaScript,./scripts/release-manager/commands/init.js,8,5,61
Markdown,./docs/_posts/2015-12-16-ismounted-antipattern.md,19,0,60
JavaScript,./src/renderers/shared/fiber/ReactFiberErrorLogger.js,13,23,60
JavaScript,./scripts/release-manager/commands/utils/git.js,15,12,60
Markdown,./docs/_posts/2014-11-25-community-roundup-24.md,40,0,59
JavaScript,./scripts/print-warnings/print-warnings.js,10,12,59
JavaScript,./fixtures/dom/src/components/fixtures/input-change-events/RangeKeyboardFixture.js,13,1,59
Sass,./docs/_css/bourbon/helpers/_radial-arg-parser.scss,8,2,59
JavaScript,./src/renderers/dom/shared/utils/__tests__/getEventCharCode-test.js,16,14,59
JavaScript,./scripts/jest/test-framework-setup.js,7,5,59
Markdown,./docs/_posts/2015-03-10-react-v0.13.md,31,0,59
Markdown,./docs/_posts/2014-03-14-community-roundup-18.md,47,0,58
Markdown,./docs/_posts/2013-08-05-community-roundup-6.md,21,0,58
Markdown,./docs/_posts/2014-01-06-community-roundup-14.md,32,0,58
JavaScript,./src/renderers/shared/__tests__/ReactDebugTool-test.js,16,8,58
JavaScript,./src/renderers/native/findNodeHandle.js,10,46,57
Sass,./docs/_css/bourbon/css3/_transition.scss,12,8,57
JavaScript,./src/renderers/native/NativeMethodsMixinUtils.js,4,19,57
Markdown,./docs/_posts/2013-11-18-community-roundup-11.md,34,0,57
Markdown,./docs/_posts/2016-03-07-react-v15-rc1.md,37,0,57
Markdown,./docs/docs/reference-react-dom-server.md,27,0,57
Sass,./docs/_css/bourbon/functions/_modular-scale.scss,7,4,55
JavaScript,./fixtures/ssr/server/index.js,10,5,55
JavaScript,./fixtures/dom/src/components/fixtures/date-inputs/switch-date-test-case.js,7,4,55
Sass,./docs/_css/bourbon/helpers/_linear-positions-parser.scss,3,3,55
Markdown,./docs/_posts/2017-05-18-whats-new-in-create-react-app.md,53,0,54
JavaScript,./src/renderers/dom/shared/__tests__/ReactServerRenderingBrowser-test.js,7,9,54
JavaScript,./src/renderers/native/ReactNativeComponentTree.js,14,19,54
JavaScript,./src/renderers/dom/shared/utils/__tests__/getEventKey-test.js,16,9,54
Markdown,./docs/docs/uncontrolled-components.md,13,0,53
JavaScript,./src/renderers/native/__tests__/createReactNativeComponentClass-test.js,11,8,53
JavaScript,./src/renderers/dom/shared/syntheticEvents/SyntheticKeyboardEvent.js,9,31,53
JavaScript,./src/renderers/shared/stack/reconciler/CallbackQueue.js,12,41,53
JavaScript,./src/renderers/dom/shared/syntheticEvents/__tests__/SyntheticClipboardEvent-test.js,13,10,53
JavaScript,./docs/_js/examples/todo.js,6,0,52
JavaScript,./src/renderers/dom/shared/hooks/validAriaProperties.js,3,12,52
JavaScript,./src/renderers/shared/fiber/ReactDebugCurrentFiber.js,11,11,51
JavaScript,./scripts/error-codes/__tests__/invertObject-test.js,7,6,51
JavaScript,./scripts/release-manager/commands/npm-publish.js,11,12,51
Markdown,./docs/README.md,28,0,51
JavaScript,./src/renderers/dom/shared/eventPlugins/FallbackCompositionState.js,9,19,51
Markdown,./docs/_posts/2014-03-19-react-v0.10-rc1.md,20,0,51
Markdown,./docs/_posts/2014-03-21-react-v0.10.md,21,0,51
JavaScript,./src/isomorphic/modern/class/__tests__/ReactClassEquivalence-test.js,11,8,50
Markdown,./docs/_posts/2015-07-03-react-v0.14-beta-1.md,25,0,50
Markdown,./docs/_posts/2013-06-19-community-roundup-2.md,20,0,50
Markdown,./docs/docs/addons-create-fragment.md,14,0,50
JavaScript,./fixtures/dom/src/components/fixtures/input-change-events/InputPlaceholderFixture.js,9,0,50
JavaScript,./fixtures/dom/src/components/fixtures/event-pooling/persistence.js,15,0,50
Markdown,./docs/_posts/2015-02-24-react-v0.13-rc1.md,28,0,50
JavaScript,./fixtures/dom/src/components/fixtures/text-inputs/InputTestCase.js,12,0,49
JavaScript,./src/renderers/dom/shared/utils/__tests__/getNodeForCharacterOffset-test.js,13,11,49
Markdown,./docs/docs/addons-shallow-renderer.md,19,0,49
Markdown,./docs/_posts/2015-09-14-community-roundup-27.md,35,0,49
Markdown,./docs/_posts/2015-03-30-community-roundup-26.md,45,0,49
JavaScript,./fixtures/dom/src/components/fixtures/input-change-events/RadioGroupFixture.js,9,0,49
JavaScript,./src/renderers/dom/shared/hooks/ReactDOMNullInputValuePropHook.js,8,12,48
CSS,./scripts/bench/benchmarks/hacker-news/style.css,9,0,48
JavaScript,./.eslintrc.js,7,9,48
Markdown,./docs/warnings/unknown-prop.md,15,0,48
Markdown,./docs/_posts/2014-02-24-community-roundup-17.md,46,0,48
Markdown,./docs/docs/web-components.md,10,0,48
JavaScript,./src/renderers/dom/shared/escapeTextContentForBrowser.js,13,55,47
Markdown,./fixtures/dom/src/components/fixtures/text-inputs/README.md,18,0,47
JavaScript,./src/renderers/dom/shared/__tests__/ReactEventIndependence-test.js,9,11,47
JavaScript,./src/renderers/shared/fiber/__tests__/ReactFiberHostContext-test.js,5,9,47
Markdown,./docs/_posts/2016-08-05-relay-state-of-the-state.md,34,0,47
Markdown,./docs/_posts/2013-09-24-community-roundup-8.md,23,0,46
JavaScript,./src/renderers/dom/shared/syntheticEvents/__tests__/SyntheticWheelEvent-test.js,15,9,45
Bourne Shell,./scripts/circleci/test_entry_point.sh,9,2,45
Markdown,./docs/_posts/2013-07-11-react-v0-4-prop-validation-and-default-values.md,17,0,45
Markdown,./docs/_posts/2017-09-25-react-v15.6.2.md,19,0,45
JavaScript,./src/renderers/shared/shared/event/getVendorPrefixedEventName.js,16,38,45
Markdown,./docs/_posts/2015-10-19-reactiflux-is-moving-to-discord.md,41,0,45
JavaScript,./src/isomorphic/modern/class/ReactNoopUpdateQueue.js,8,58,44
Markdown,./docs/docs/react-without-jsx.md,16,0,43
JavaScript,./src/renderers/dom/stack/client/ReactDOMEmptyComponent.js,5,13,43
JavaScript,./src/isomorphic/ReactEntry.js,13,10,43
JSON,./packages/react-dom/package.json,0,0,43
JavaScript,./fixtures/dom/src/tags.js,5,22,43
JSON,./packages/react-art/package.json,0,0,42
JavaScript,./src/__mocks__/deepDiffer.js,4,15,42
JavaScript,./scripts/release-manager/commands/npm-grant-access.js,4,0,42
Markdown,./docs/_posts/2013-07-03-community-roundup-4.md,15,0,42
JavaScript,./src/renderers/dom/fiber/wrappers/ReactDOMFiberOption.js,13,18,42
JavaScript,./src/renderers/dom/shared/syntheticEvents/SyntheticMouseEvent.js,7,18,42
Markdown,./docs/_posts/2016-01-08-A-implies-B-does-not-imply-B-implies-A.md,19,0,41
JavaScript,./fixtures/dom/src/react-loader.js,13,9,41
Sass,./docs/_css/bourbon/css3/_border-image.scss,11,7,41
JavaScript,./fixtures/dom/src/components/fixtures/index.js,3,4,41
Markdown,./docs/_posts/2014-02-15-community-roundup-16.md,44,0,41
JavaScript,./fixtures/dom/src/components/fixtures/event-pooling/mouse-move.js,10,0,41
HTML,./docs/_includes/footer.html,0,0,41
Markdown,./docs/warnings/legacy-factories.md,18,0,41
JavaScript,./src/renderers/dom/shared/eventPlugins/__tests__/EnterLeaveEventPlugin-test.js,11,9,41
JavaScript,./src/shared/ReactFiberComponentTreeHook.js,6,13,41
Sass,./docs/_css/bourbon/css3/_background.scss,11,4,40
Sass,./docs/_css/bourbon/helpers/_radial-gradient-parser.scss,10,0,40
JavaScript,./fixtures/dom/src/components/fixtures/input-change-events/RadioClickFixture.js,8,0,40
JavaScript,./src/renderers/shared/shared/event/ReactGenericBatching.js,9,25,40
Markdown,./docs/docs/reference-pure-render-mixin.md,11,0,40
JavaScript,./eslint-rules/__tests__/no-primitive-constructors-test.js,3,8,40
Markdown,./README.md,26,0,40
Markdown,./docs/_posts/2015-03-03-react-v0.13-rc2.md,18,0,40
Sass,./docs/_css/bourbon/addons/_prefixer.scss,2,4,39
Markdown,./docs/_posts/2015-08-13-reacteurope-roundup.md,23,0,39
JavaScript,./src/renderers/dom/shared/syntheticEvents/SyntheticUIEvent.js,9,20,39
JavaScript,./fixtures/packaging/build-all.js,7,2,39
YAML,./circle.yml,3,4,38
JavaScript,./src/renderers/__tests__/EventPluginHub-test.js,6,8,38
Markdown,./docs/_posts/2015-03-04-community-roundup-25.md,25,0,38
JavaScript,./scripts/release-manager/commands/npm-check-access.js,5,0,38
JavaScript,./fixtures/dom/src/components/fixtures/buttons/index.js,3,0,38
JavaScript,./src/renderers/native/ReactNativeViewConfigRegistry.js,7,20,38
JavaScript,./eslint-rules/no-primitive-constructors.js,4,8,38
JSON,./scripts/jest/fiber.config.json,0,0,38
JavaScript,./src/renderers/shared/__tests__/ReactDOMFrameScheduling-test.js,4,11,38
JSON,./scripts/jest/stack.config.json,0,0,38
JavaScript,./scripts/rollup/sync.js,14,0,38
JavaScript,./src/renderers/dom/stack/server/ReactServerRenderingTransaction.js,15,33,38
Markdown,./docs/_posts/2013-07-02-react-v0-4-autobind-by-default.md,14,0,37
JavaScript,./src/renderers/dom/shared/syntheticEvents/SyntheticWheelEvent.js,7,22,37
JavaScript,./src/renderers/__tests__/multiple-copies-of-react-test.js,4,8,37
JavaScript,./src/renderers/shared/stack/reconciler/ReactSimpleEmptyComponent.js,4,8,37
JavaScript,./docs/_js/examples/markdown.js,5,0,37
JavaScript,./src/renderers/shared/stack/reconciler/ReactDefaultBatchingStrategy.js,14,13,37
HTML,./scripts/bench/benchmarks/hacker-news/index.html,0,0,37
Markdown,./docs/_posts/2013-10-16-react-v0.5.0.md,14,0,37
Markdown,./packages/react-dom/README.md,17,0,37
Markdown,./docs/_posts/2015-02-20-introducing-relay-and-graphql.md,27,0,36
JavaScript,./fixtures/fiber-debugger/src/Editor.js,3,0,36
Markdown,./docs/_posts/2013-08-19-use-react-and-jsx-in-python-applications.md,19,0,36
JavaScript,./scripts/babel/transform-object-assign-require.js,6,8,35
JavaScript,./scripts/release-manager/commands/utils/npm.js,7,0,35
C++,./scripts/perf-counters/src/perf-counters.cpp,11,7,35
JavaScript,./src/renderers/dom/shared/utils/getNodeForCharacterOffset.js,10,28,35
JavaScript,./fixtures/dom/src/components/fixtures/number-inputs/NumberTestCase.js,6,0,35
HTML,./docs/_includes/nav_docs.html,2,2,35
JavaScript,./src/renderers/shared/utils/__tests__/accumulateInto-test.js,7,8,34
JavaScript,./fixtures/art/webpack.config.js,1,0,34
JavaScript,./src/renderers/shared/stack/reconciler/KeyEscapeUtils.js,8,21,34
Markdown,./docs/_posts/2014-03-28-the-road-to-1.0.md,22,0,34
JSON,./packages/react/package.json,0,0,34
JavaScript,./src/renderers/dom/stack/client/ReactDOMStackInjection.js,10,8,34
JavaScript,./src/renderers/dom/shared/DOMNamespaces.js,6,12,34
JavaScript,./scripts/rollup/plugins/__tests__/wrap-warning-with-env-check-test.js,8,7,34
Markdown,./docs/_posts/2013-06-12-community-roundup.md,13,0,34
JavaScript,./src/shared/utils/__tests__/reactProdInvariant-test.js,5,8,34
Markdown,./docs/_posts/2015-04-18-react-v0.13.2.md,17,0,34
Sass,./docs/_css/bourbon/helpers/_str-to-num.scss,9,8,33
JavaScript,./src/renderers/shared/stack/reconciler/ReactHostComponent.js,9,26,33
Markdown,./docs/docs/addons-pure-render-mixin.md,11,0,33
JavaScript,./fixtures/dom/src/components/fixtures/password-inputs/PasswordTestCase.js,5,0,33
Markdown,./docs/docs/addons.md,16,0,33
Markdown,./docs/docs/addons-shallow-compare.md,11,0,33
Ruby,./docs/_plugins/sidebar_item.rb,8,0,32
JSON,./packages/react-test-renderer/package.json,0,0,32
Sass,./docs/_css/bourbon/helpers/_linear-gradient-parser.scss,8,1,32
JavaScript,./src/renderers/dom/stack/client/Danger.js,6,16,32
Markdown,./docs/_posts/2016-02-19-new-versioning-scheme.md,28,0,32
HTML,./scripts/bench/benchmarks/pe-no-components/index.html,0,0,32
Markdown,./docs/_posts/2014-06-27-community-roundup-19.md,22,0,32
JavaScript,./src/renderers/shared/hooks/ReactHostOperationHistoryHook.js,10,11,31
Markdown,./docs/_posts/2013-07-30-use-react-and-jsx-in-ruby-on-rails.md,22,0,31
Markdown,./docs/_posts/2014-11-24-react-js-conf-updates.md,8,0,31
Markdown,./docs/_posts/2014-09-16-react-v0.11.2.md,15,0,31
Markdown,./docs/_posts/2014-04-04-reactnet.md,6,0,31
Sass,./docs/_css/bourbon/css3/_keyframes.scss,3,1,31
JavaScript,./src/renderers/dom/shared/setTextContent.js,6,18,31
JavaScript,./fixtures/dom/src/components/fixtures/event-pooling/hit-box.js,7,0,31
Markdown,./docs/_posts/2015-11-18-react-v0.14.3.md,10,0,30
Sass,./docs/_css/bourbon/css3/_columns.scss,9,8,30
JavaScript,./fixtures/dom/src/components/fixtures/textareas/index.js,4,0,30
JavaScript,./src/renderers/shared/fiber/isomorphic/ReactTypes.js,9,11,30
JavaScript,./src/renderers/dom/shared/__tests__/quoteAttributeValueForBrowser-test.js,8,9,30
Sass,./docs/_css/bourbon/css3/_background-image.scss,8,4,30
Markdown,./docs/_posts/2013-12-19-react-v0.8.0.md,17,0,30
Markdown,./docs/_posts/2015-10-28-react-v0.14.1.md,10,0,30
Markdown,./docs/_posts/2015-03-16-react-v0.13.1.md,17,0,30
JavaScript,./src/renderers/dom/shared/__tests__/escapeTextContentForBrowser-test.js,8,9,30
Markdown,./docs/_posts/2014-07-25-react-v0.11.1.md,13,0,30
Ruby,./docs/_plugins/highlight_lines.rb,2,8,29
JavaScript,./fixtures/dom/src/components/fixtures/number-inputs/NumberInputDecimal.js,4,0,29
JavaScript,./src/renderers/dom/shared/utils/__tests__/setInnerHTML-test.js,6,12,29
JavaScript,./src/renderers/dom/shared/utils/isEventSupported.js,9,25,29
JavaScript,./src/renderers/dom/shared/syntheticEvents/SyntheticTouchEvent.js,7,18,29
JavaScript,./src/renderers/shared/utils/isTextInputElement.js,7,12,29
JavaScript,./docs/_js/examples/timer.js,6,0,29
JavaScript,./src/renderers/shared/utils/adler32.js,4,14,28
Sass,./docs/_css/bourbon/css3/_radial-gradient.scss,7,4,28
Markdown,./fixtures/packaging/README.md,14,0,28
JavaScript,./fixtures/dom/src/components/fixtures/date-inputs/index.js,5,0,28
Sass,./docs/_css/bourbon/css3/_linear-gradient.scss,6,4,28
Markdown,./docs/_posts/2015-05-08-react-v0.13.3.md,14,0,28
Markdown,./docs/_posts/2015-12-29-react-v0.14.4.md,9,0,28
Markdown,./scripts/bench/README.md,14,0,27
JavaScript,./scripts/rollup/plugins/wrap-warning-with-env-check.js,7,18,27
Sass,./docs/_css/bourbon/addons/_retina-image.scss,4,0,27
JavaScript,./src/renderers/dom/stack/server/ReactMarkupChecksum.js,8,18,27
Markdown,./docs/_posts/2013-07-17-react-v0-4-0.md,12,0,27
HTML,./docs/_includes/blog_post.html,5,0,27
JavaScript,./src/renderers/shared/fiber/isomorphic/ReactPortal.js,6,16,27
JavaScript,./src/renderers/shared/stack/reconciler/ReactComponentEnvironment.js,9,17,27
JavaScript,./fixtures/dom/src/components/fixtures/range-inputs/index.js,3,0,27
Bourne Shell,./scripts/circleci/build_gh_pages.sh,5,1,27
Markdown,./docs/_posts/2015-12-04-react-js-conf-2016-diversity-scholarship.md,18,0,27
JavaScript,./fixtures/ssr/src/components/Chrome.js,2,0,27
Sass,./docs/_css/bourbon/css3/_animation.scss,16,9,27
JavaScript,./fixtures/dom/src/polyfills.js,4,4,27
HTML,./docs/blog/index.html,2,0,27
JavaScript,./scripts/tasks/version-check.js,4,6,27
JavaScript,./src/renderers/shared/utils/accumulateInto.js,9,24,27
JavaScript,./src/renderers/dom/ReactDOMNodeStreamRenderer.js,6,21,26
JavaScript,./scripts/tasks/jest.js,5,0,26
JavaScript,./src/renderers/native/ReactNativeTagHandles.js,6,24,26
JavaScript,./scripts/rollup/utils.js,4,0,26
JavaScript,./src/renderers/shared/stack/reconciler/ReactInstanceType.js,7,14,26
JavaScript,./scripts/shared/__tests__/evalToString-test.js,6,6,26
JavaScript,./fixtures/dom/src/components/fixtures/password-inputs/index.js,5,0,26
JavaScript,./src/renderers/native/ReactNativePropRegistry.js,5,11,26
JavaScript,./src/shared/utils/lowPriorityWarning.js,6,24,26
JavaScript,./fixtures/dom/src/components/fixtures/number-inputs/NumberInputExtraZeroes.js,4,0,26
JavaScript,./scripts/release-manager/commands/start-release.js,10,11,25
HTML,./docs/_layouts/community.html,4,0,25
Markdown,./docs/docs/reference-javascript-environment-requirements.md,7,0,25
Markdown,./docs/_posts/2014-12-18-react-v0.12.2.md,12,0,25
JSON,./fixtures/ssr/package.json,0,0,25
HTML,./fixtures/packaging/systemjs/dev.html,2,0,25
Markdown,./docs/_posts/2014-07-30-flux-actions-and-the-dispatcher.md,21,0,25
Markdown,./docs/_posts/2016-04-08-react-v15.0.1.md,9,0,25
JavaScript,./src/renderers/dom/shared/syntheticEvents/SyntheticClipboardEvent.js,6,18,25
HTML,./docs/_layouts/tutorial.html,4,0,25
Markdown,./docs/docs/hello-world.md,8,0,25
HTML,./fixtures/packaging/systemjs/prod.html,2,0,25
JavaScript,./src/renderers/dom/shared/syntheticEvents/SyntheticCompositionEvent.js,6,18,24
Sass,./docs/_css/bourbon/addons/_position.scss,8,0,24
JavaScript,./src/renderers/dom/ReactDOMServerBrowserEntry.js,4,8,24
Markdown,./docs/_posts/2015-11-02-react-v0.14.2.md,7,0,24
JavaScript,./src/renderers/shared/hooks/ReactInvalidSetStateWarningHook.js,6,9,24
JSON,./scripts/release-manager/package.json,0,0,24
JSON,./fixtures/dom/package.json,0,0,24
Markdown,./docs/_posts/2016-03-29-react-v0.14.8.md,8,0,24
Sass,./docs/_css/bourbon/addons/_timing-functions.scss,3,5,24
Markdown,./docs/_posts/2014-12-19-react-js-conf-diversity-scholarship.md,13,0,24
Sass,./docs/_css/bourbon/addons/_html5-input-types.scss,19,43,24
JavaScript,./src/renderers/shared/fiber/ReactFiberRoot.js,5,16,24
JavaScript,./src/renderers/native/ReactNativeFiberErrorDialog.js,12,18,24
Sass,./docs/_css/bourbon/helpers/_linear-side-corner-parser.scss,4,3,24
JavaScript,./src/renderers/shared/utils/__tests__/adler32-test.js,7,8,24
JavaScript,./src/renderers/dom/shared/ReactDOMClientInjection.js,5,15,24
JavaScript,./src/shared/utils/getComponentName.js,4,11,23
JavaScript,./src/renderers/shared/shared/getContextForSubtree.js,7,9,23
JavaScript,./src/renderers/shared/shared/event/ReactEventEmitterMixin.js,5,12,23
Sass,./docs/_css/bourbon/helpers/_render-gradients.scss,2,1,23
JavaScript,./src/renderers/dom/shared/syntheticEvents/SyntheticAnimationEvent.js,6,19,23
HTML,./docs/_includes/nav_tutorial.html,0,1,23
JavaScript,./src/renderers/dom/shared/syntheticEvents/SyntheticTransitionEvent.js,6,19,23
HTML,./docs/_includes/nav_community.html,0,1,23
HTML,./docs/_layouts/docs.html,4,0,23
JavaScript,./packages/react-dom/index.js,2,13,23
JavaScript,./src/renderers/shared/shared/event/eventPlugins/ResponderSyntheticEvent.js,6,19,23
HTML,./docs/_includes/navigation.html,0,0,23
JavaScript,./src/renderers/dom/stack/client/ReactDOMContainerInfo.js,4,8,22
JavaScript,./fixtures/ssr/src/components/Page.js,2,0,22
JavaScript,./src/renderers/shared/stack/reconciler/ReactNodeTypes.js,7,9,22
Markdown,./docs/warnings/refs-must-have-owner.md,11,0,22
Markdown,./docs/_posts/2016-03-16-react-v15-rc2.md,10,0,22
JavaScript,./src/renderers/shared/utils/accumulate.js,8,18,22
JavaScript,./src/renderers/shared/fiber/__tests__/ReactTopLevelText-test.js,5,10,22
JavaScript,./docs/_js/anchor-links.js,3,5,22
JavaScript,./fixtures/dom/src/components/IssueList.js,5,0,21
JavaScript,./src/renderers/dom/shared/syntheticEvents/SyntheticInputEvent.js,6,19,21
JavaScript,./src/renderers/dom/shared/syntheticEvents/SyntheticDragEvent.js,6,18,21
Markdown,./docs/_posts/2015-08-11-relay-technical-preview.md,14,0,21
JSON,./scripts/bench/package.json,0,0,21
Markdown,./docs/community/support.md,13,0,21
Markdown,./docs/acknowledgements.md,3,0,21
JavaScript,./src/shared/utils/reactProdInvariant.js,7,15,21
Markdown,./docs/docs/cross-origin-errors.md,12,0,21
JavaScript,./src/renderers/native/ReactNativeInjection.js,6,25,21
JavaScript,./src/renderers/dom/shared/syntheticEvents/SyntheticFocusEvent.js,6,18,21
JavaScript,./src/renderers/dom/shared/utils/getEventModifierState.js,6,15,20
JavaScript,./src/renderers/dom/shared/utils/isCustomComponent.js,3,13,20
Markdown,./docs/community/conferences.zh-CN.md,9,0,20
XML,./docs/feed.xml,0,0,20
JavaScript,./packages/react-art/lib/Circle.art.js,10,22,20
Sass,./docs/_css/bourbon/css3/_font-face.scss,2,1,20
Sass,./docs/_css/bourbon/helpers/_linear-angle-parser.scss,4,1,20
JavaScript,./src/renderers/dom/ReactDOMServerStackEntry.js,7,8,20
JavaScript,./src/renderers/dom/shared/wrappers/__tests__/ReactDOMIframe-test.js,7,8,20
JavaScript,./fixtures/dom/src/components/FixtureSet.js,6,0,20
HTML,./fixtures/packaging/requirejs/prod.html,1,0,20
JavaScript,./src/renderers/shared/shared/shouldUpdateReactComponent.js,4,19,20
JSON,./fixtures/attribute-behavior/package.json,0,0,20
HTML,./fixtures/packaging/requirejs/dev.html,1,0,20
Markdown,./fixtures/attribute-behavior/README.md,11,0,20
HTML,./docs/_layouts/single.html,2,0,20
HTML,./docs/_layouts/contributing.html,3,0,20
JavaScript,./scripts/bench/benchmarks/hacker-news/generate.js,7,0,19
JavaScript,./src/shared/ReactElementType.js,4,10,19
HTML,./docs/downloads/single-file-example.html,2,0,19
HTML,./docs/blog/all.html,1,0,19
JavaScript,./src/renderers/shared/shared/event/PluginModuleType.js,6,9,19
JavaScript,./src/renderers/dom/shared/utils/omittedCloseTags.js,4,11,19
JavaScript,./src/renderers/dom/shared/dangerousStyleValue.js,8,26,19
Markdown,./docs/_posts/2015-09-02-new-react-developer-tools.md,8,0,19
JSON,./packages/react-noop-renderer/package.json,0,0,19
JavaScript,./src/renderers/shared/shared/event/ReactSyntheticEventType.js,4,11,19
JavaScript,./src/renderers/shared/stack/reconciler/ReactDebugCurrentStack.js,7,10,19
JavaScript,./fixtures/packaging/webpack/prod/config.js,1,0,18
JavaScript,./src/renderers/dom/shared/utils/getEventCharCode.js,7,22,18
Markdown,./docs/_posts/2015-04-17-react-native-v0.4.md,7,0,18
JavaScript,./src/fb/ReactDOMFiberFBEntry.js,4,9,18
Sass,./docs/_css/_variables.scss,4,0,18
JavaScript,./src/renderers/dom/shared/setInnerHTML.js,5,19,18
JavaScript,./scripts/tasks/eslint.js,5,7,18
JavaScript,./src/renderers/native/takeSnapshot.js,5,28,18
JavaScript,./src/shared/describeComponentFrame.js,2,9,18
JSON,./fixtures/fiber-debugger/package.json,0,0,18
JavaScript,./scripts/jest/setupSpecEquivalenceReporter.js,6,6,17
HTML,./fixtures/attribute-behavior/public/index.html,3,20,17
Bourne Shell,./scripts/circleci/upload_build.sh,2,0,17
HTML,./fixtures/art/index.html,5,0,17
Markdown,./docs/_posts/2015-06-12-deprecating-jstransform-and-react-tools.md,12,0,17
JavaScript,./fixtures/dom/src/components/Fixture.js,5,0,17
Ruby,./docs/_plugins/authors.rb,0,5,17
JavaScript,./fixtures/ssr/server/render.js,3,3,16
JavaScript,./src/renderers/dom/ReactDOMStringRenderer.js,5,18,16
Markdown,./fixtures/ssr/README.md,8,0,16
Sass,./docs/_css/bourbon/css3/_border-radius.scss,3,3,16
JavaScript,./src/renderers/shared/shared/ReactInstanceMap.js,7,20,16
Markdown,./docs/_posts/2013-10-29-react-v0-5-1.md,8,0,16
JavaScript,./src/shared/ReactTypeOfWork.js,3,9,15
Markdown,./docs/_posts/2013-07-26-react-v0-4-1.md,9,0,15
JSON,./fixtures/attribute-behavior/public/manifest.json,0,0,15
JavaScript,./fixtures/dom/src/components/App.js,3,0,15
JavaScript,./fixtures/ssr/src/components/App.js,2,0,15
JavaScript,./fixtures/dom/src/components/fixtures/event-pooling/index.js,3,0,15
JavaScript,./scripts/shared/evalToString.js,2,8,15
Markdown,./packages/react-test-renderer/README.md,7,0,15
Sass,./docs/_css/bourbon/functions/_transition-property-name.scss,3,4,15
JavaScript,./scripts/bench/benchmarks/pe-no-components/build.js,3,1,15
Markdown,./docs/community/conferences.ko-KR.md,5,0,14
JavaScript,./src/renderers/shared/fiber/ReactTypeOfSideEffect.js,3,11,14
Markdown,./docs/community/conferences.it-IT.md,5,0,14
JavaScript,./fixtures/packaging/webpack-alias/prod/config.js,1,0,14
Markdown,./docs/_posts/2015-05-22-react-native-release-process.md,8,0,14
JavaScript,./src/renderers/dom/shared/ReactDOMUnstableNativeDependenciesEntry.js,4,9,14
Sass,./docs/_css/bourbon/functions/_unpack.scss,2,1,14
HTML,./fixtures/packaging/babel-standalone/dev.html,0,0,14
JavaScript,./src/renderers/shared/stack/reconciler/getHostComponentFromComposite.js,6,8,14
JavaScript,./src/renderers/shared/stack/reconciler/ReactEmptyComponent.js,6,8,14
Markdown,./scripts/perf-counters/README.md,2,0,14
HTML,./fixtures/dom/public/index.html,3,16,14
JavaScript,./scripts/jest/fiber.setup.js,2,4,14
YAML,./docs/_data/nav_community.yml,0,0,14
JavaScript,./fixtures/packaging/webpack-alias/dev/config.js,1,0,14
JavaScript,./scripts/tasks/flow.js,5,7,14
Markdown,./docs/_posts/2013-12-18-react-v0.5.2-v0.4.2.md,8,0,14
HTML,./fixtures/packaging/globals/dev.html,0,0,13
JavaScript,./docs/_js/examples/hello.js,2,0,13
JavaScript,./src/isomorphic/classic/element/ReactDebugCurrentFrame.js,5,10,13
Sass,./docs/_css/bourbon/helpers/_gradient-positions-parser.scss,0,0,13
JSON,./fixtures/art/package.json,0,0,13
Markdown,./fixtures/fiber-debugger/README.md,12,0,13
JavaScript,./src/renderers/shared/utils/forEachAccumulated.js,3,18,13
Markdown,./docs/_posts/2013-06-21-react-v0-3-3.md,10,0,13
CSS,./fixtures/fiber-debugger/src/index.css,2,0,13
Sass,./docs/_css/bourbon/helpers/_radial-positions-parser.scss,4,1,13
HTML,./fixtures/fiber-debugger/public/index.html,0,0,13
Sass,./docs/_css/bourbon/addons/_size.scss,3,0,13
JavaScript,./scripts/rollup/header.js,3,15,13
JSON,./fixtures/packaging/browserify/prod/package.json,0,0,13
JavaScript,./src/renderers/native/ReactNativeGlobalResponderHandler.js,3,8,13
JavaScript,./src/renderers/dom/shared/createMicrosoftUnsafeLocalFunction.js,4,12,13
JavaScript,./mocks/ReactMockedComponentTestComponent.js,7,8,13
HTML,./fixtures/packaging/globals/prod.html,0,0,13
TypeScript,./src/isomorphic/modern/class/React.d.ts,2,12,13
JavaScript,./scripts/jest/environment.js,2,2,13
JavaScript,./src/renderers/shared/ReactGlobalSharedState.js,5,8,13
HTML,./fixtures/ssr/public/index.html,0,0,13
Markdown,./fixtures/dom/README.md,5,0,12
JavaScript,./src/renderers/dom/shared/utils/getTextContentAccessor.js,5,16,12
HTML,./docs/_includes/hero.html,1,0,12
JavaScript,./scripts/error-codes/invertObject.js,6,15,12
Markdown,./docs/_posts/2015-03-26-introducing-react-native.md,4,0,12
JavaScript,./fixtures/dom/src/components/propTypes.js,3,0,12
Markdown,./scripts/error-codes/README.md,2,0,12
JavaScript,./src/test/getTestDocument.js,3,8,12
Sass,./docs/_css/bourbon/css3/_image-rendering.scss,2,0,12
JavaScript,./src/renderers/dom/ReactDOMServerNodeEntry.js,4,8,12
Markdown,./packages/react/README.md,5,0,11
JavaScript,./fixtures/packaging/systemjs-builder/prod/build.js,1,0,11
Markdown,./docs/_posts/2016-07-11-introducing-reacts-error-code-system.md,7,0,11
JavaScript,./src/renderers/native/findNumericNodeHandle.js,2,14,11
JavaScript,./src/isomorphic/children/onlyChild.js,4,22,11
HTML,./docs/_includes/nav_blog.html,0,0,11
JavaScript,./src/renderers/shared/utils/validateCallback.js,4,9,11
JavaScript,./src/renderers/dom/shared/eventPlugins/DOMEventPluginOrder.js,3,17,11
Markdown,./docs/_posts/2014-01-02-react-chrome-developer-tools.md,6,0,11
JSON,./fixtures/packaging/webpack/prod/package.json,0,0,10
JavaScript,./src/renderers/dom/stack/client/ReactDOMIDOperations.js,4,17,10
JavaScript,./docs/_js/jsfiddle-integration.js,1,0,10
JavaScript,./src/renderers/native/createReactNativeComponentClass.js,5,17,10
JSON,./fixtures/packaging/systemjs-builder/prod/package.json,0,0,10
Sass,./docs/_css/bourbon/helpers/_convert-units.scss,1,4,10
JavaScript,./fixtures/packaging/brunch/prod/config.js,0,0,10
JavaScript,./scripts/rollup/plugins/sizes-plugin.js,2,0,10
JSON,./fixtures/packaging/brunch/prod/package.json,0,0,10
Markdown,./docs/_posts/2014-05-06-flux.md,6,0,10
JSON,./fixtures/packaging/browserify/dev/package.json,0,0,10
JSON,./scripts/perf-counters/package.json,0,0,10
Markdown,./docs/docs/error-decoder.md,3,0,10
HTML,./docs/_layouts/post.html,2,0,10
Sass,./docs/_css/bourbon/helpers/_shape-size-stripper.scss,0,0,10
JavaScript,./docs/js/jsfiddle-integration-babel.js,0,0,10
JSON,./fixtures/packaging/rjs/prod/package.json,0,0,10
JavaScript,./src/renderers/shared/fiber/ReactPriorityLevel.js,3,9,10
JavaScript,./src/renderers/dom/shared/utils/getEventTarget.js,6,18,10
JavaScript,./fixtures/packaging/webpack/dev/config.js,1,0,10
YAML,./docs/_data/nav_contributing.yml,0,0,10
JavaScript,./fixtures/packaging/rjs/prod/config.js,0,0,10
JavaScript,./fixtures/packaging/rjs/dev/config.js,0,0,10
JSON,./fixtures/packaging/brunch/dev/package.json,0,0,10
Sass,./docs/_css/bourbon/functions/_px-to-rem.scss,2,3,10
Markdown,./docs/_posts/2014-05-29-one-year-of-open-source-react.md,5,0,9
Sass,./docs/_css/bourbon/functions/_flex-grid.scss,2,28,9
Sass,./docs/_css/bourbon/css3/_hidpi-media-query.scss,0,1,9
Sass,./docs/_css/bourbon/functions/_assign.scss,2,0,9
Markdown,./docs/_posts/2014-10-27-react-js-conf.md,6,0,9
JavaScript,./fixtures/dom/src/index.js,2,0,9
Sass,./docs/_css/bourbon/functions/_px-to-em.scss,1,3,9
JavaScript,./src/renderers/dom/shared/utils/AutoFocusUtils.js,5,8,9
Markdown,./.github/PULL_REQUEST_TEMPLATE.md,1,0,9
Sass,./docs/_css/bourbon/addons/_hide-text.scss,1,0,9
Markdown,./docs/_posts/2014-09-03-introducing-the-jsx-specification.md,5,0,9
JavaScript,./src/renderers/dom/shared/HTMLNodeType.js,4,11,9
JavaScript,./scripts/rollup/shims/react-native/ReactNative.js,4,9,9
HTML,./docs/_layouts/hero.html,2,0,9
Sass,./docs/_css/bourbon/css3/_transform.scss,2,4,9
JavaScript,./scripts/jest/stack.setup.js,2,4,8
Markdown,./docs/jsx-compiler.md,2,0,8
Markdown,./docs/warnings/invalid-aria-prop.md,3,0,8
HTML,./docs/_layouts/redirect.html,0,0,8
Sass,./docs/_css/bourbon/css3/_placeholder.scss,0,0,8
JavaScript,./scripts/rollup/mangle.js,2,2,8
Bourne Shell,./scripts/circleci/set_up_github_keys.sh,4,0,8
JavaScript,./src/renderers/dom/stack/client/ReactComponentBrowserEnvironment.js,5,13,8
JavaScript,./mocks/ReactElementTestChild.js,4,8,8
JavaScript,./src/renderers/dom/stack/server/ReactServerBatchingStrategy.js,3,10,7
Markdown,./docs/404.md,2,0,7
JavaScript,./src/renderers/dom/shared/checkReact.js,2,9,7
JavaScript,./eslint-rules/index.js,1,0,7
JavaScript,./scripts/rollup/shims/react-native/NativeMethodsMixin.js,5,9,7
Sass,./docs/_css/bourbon/addons/_word-wrap.scss,1,0,7
JavaScript,./src/isomorphic/classic/element/ReactCurrentOwner.js,4,19,7
JavaScript,./src/renderers/shared/ReactInstrumentation.js,4,10,7
HTML,./fixtures/packaging/brunch/prod/index.html,0,0,7
Markdown,./docs/_posts/2013-06-02-jsfiddle-integration.md,3,0,7
Markdown,./packages/react-art/README.md,6,0,7
JavaScript,./fixtures/attribute-behavior/src/App.test.js,1,0,7
Sass,./docs/_css/bourbon/addons/_ellipsis.scss,0,0,7
JavaScript,./src/renderers/dom/shared/utils/voidElementTags.js,5,10,7
JavaScript,./src/__mocks__/View.js,4,6,7
Markdown,./docs/_posts/2016-01-12-discontinuing-ie8-support.md,3,0,7
Sass,./docs/_css/bourbon/addons/_clearfix.scss,2,14,7
JavaScript,./src/renderers/shared/stack/reconciler/ReactMultiChildUpdateTypes.js,2,14,7
Markdown,./docs/warnings/special-props.md,2,0,7
CSS,./fixtures/attribute-behavior/src/index.css,1,0,7
HTML,./fixtures/packaging/rjs/prod/index.html,0,0,7
Sass,./docs/_css/bourbon/functions/_color-lightness.scss,3,3,7
Markdown,./fixtures/art/README.md,3,0,7
JavaScript,./src/renderers/dom/shared/ReactDOMInjection.js,3,8,6
JavaScript,./src/renderers/native/ReactNativeEventPluginOrder.js,2,9,6
JavaScript,./fixtures/packaging/systemjs-builder/prod/config.js,0,0,6
HTML,./docs/_layouts/page.html,1,0,6
JavaScript,./fixtures/packaging/systemjs-builder/prod/input.js,1,0,6
JavaScript,./packages/react-dom/server.browser.js,1,0,6
JavaScript,./src/node_modules/react-dom/server.browser.js,3,5,6
JavaScript,./packages/react-dom/server.js,1,0,6
JavaScript,./scripts/rollup/shims/react-native/ReactNativePropRegistry.js,3,9,6
JavaScript,./fixtures/packaging/systemjs-builder/dev/config.js,0,0,6
JavaScript,./scripts/rollup/shims/react-native/createReactNativeComponentClass.js,3,9,6
JavaScript,./src/renderers/shared/fiber/ReactTypeOfInternalContext.js,3,9,6
JavaScript,./packages/react-test-renderer/index.js,1,0,6
JavaScript,./scripts/rollup/shims/react-native/ReactNativeBridgeEventPlugin.js,3,8,6
JavaScript,./packages/react-dom/unstable-native-dependencies.js,1,0,6
JavaScript,./scripts/rollup/shims/facebook-www/EventPluginUtils.js,3,8,6
JavaScript,./src/node_modules/react-dom/server.js,3,5,6
JavaScript,./src/node_modules/react-dom/index.js,3,5,6
JavaScript,./scripts/rollup/shims/facebook-www/EventPropagators.js,3,8,6
JavaScript,./scripts/rollup/shims/facebook-www/ReactBrowserEventEmitter.js,3,8,6
JavaScript,./scripts/rollup/shims/react-native/TouchHistoryMath.js,3,8,6
Bourne Shell,./scripts/circleci/track_stats.sh,2,0,6
Sass,./docs/_css/bourbon/css3/_perspective.scss,1,1,6
JavaScript,./scripts/rollup/shims/facebook-www/SyntheticUIEvent.js,3,8,6
JavaScript,./scripts/rollup/shims/facebook-www/ReactDOMComponentTree.js,3,8,6
JavaScript,./src/renderers/dom/shared/ReactDOMFeatureFlags.js,3,8,6
JavaScript,./packages/react-test-renderer/stack.js,1,0,6
JavaScript,./scripts/rollup/shims/facebook-www/ReactFiberErrorLogger.js,3,8,6
JavaScript,./scripts/rollup/shims/react-native/ReactGlobalSharedState.js,3,8,6
JavaScript,./packages/react-test-renderer/shallow.js,1,0,6
JavaScript,./scripts/rollup/shims/react-native/takeSnapshot.js,3,8,6
JavaScript,./fixtures/packaging/rjs/prod/input.js,0,0,6
JavaScript,./scripts/release-manager/.eslintrc.js,1,0,6
Bourne Shell,./scripts/circleci/test_coverage.sh,2,0,6
JavaScript,./scripts/rollup/shims/facebook-www/EventPluginHub.js,3,8,6
JavaScript,./fixtures/packaging/webpack/prod/input.js,1,0,6
HTML,./fixtures/packaging/webpack/prod/index.html,0,0,6
Sass,./docs/_css/bourbon/functions/_tint-shade.scss,1,2,6
JavaScript,./scripts/release-manager/commands/q.js,2,3,6
JavaScript,./scripts/rollup/shims/facebook-www/ReactErrorUtils.js,3,8,6
JavaScript,./scripts/rollup/shims/facebook-www/ReactInstanceMap.js,3,8,6
JavaScript,./packages/react-dom/test-utils.js,1,0,6
JavaScript,./scripts/rollup/shims/react-native/ReactDebugTool.js,3,8,6
JavaScript,./scripts/rollup/shims/react-native/ReactNativeComponentTree.js,3,9,6
JavaScript,./src/renderers/shared/stack/reconciler/ReactCompositeComponentTypes.js,2,9,6
JavaScript,./packages/react-art/index.js,1,0,6
JavaScript,./packages/react/index.js,1,0,6
JavaScript,./src/renderers/dom/shared/quoteAttributeValueForBrowser.js,4,14,6
Markdown,./docs/community/examples.md,0,0,5
HTML,./docs/html-jsx.html,0,0,5
Markdown,./docs/community/complementary-tools.ko-KR.md,0,0,5
Markdown,./docs/community/examples.ko-KR.md,0,0,5
Sass,./docs/_css/bourbon/helpers/_is-num.scss,0,3,5
Sass,./docs/_css/bourbon/addons/_font-family.scss,0,0,5
Markdown,./docs/community/examples.zh-CN.md,0,0,5
TypeScript,./src/isomorphic/modern/class/ReactDOM.d.ts,2,12,5
Markdown,./docs/community/complementary-tools.it-IT.md,0,0,5
JSON,./src/package.json,0,0,5
Bourne Shell,./scripts/git/pre-commit,2,3,5
JavaScript,./fixtures/attribute-behavior/src/index.js,1,0,5
JavaScript,./fixtures/art/app.js,2,0,5
JavaScript,./scripts/rollup/shims/facebook-www/DOMProperty.js,3,8,5
Bourne Shell,./scripts/authors,2,3,5
JavaScript,./src/renderers/dom/shared/ReactDOMComponentFlags.js,3,8,5
JavaScript,./src/renderers/shared/utils/ReactFeatureFlags.js,3,9,5
Bourne Shell,./scripts/circleci/test_print_warnings.sh,2,0,5
Sass,./docs/_css/bourbon/settings/_prefixer.scss,0,1,5
CSS,./fixtures/ssr/src/components/Chrome.css,0,0,5
Markdown,./docs/community/complementary-tools.zh-CN.md,0,0,5
JavaScript,./src/__mocks__/RCTEventEmitter.js,3,6,5
YAML,./docs/circle.yml,0,0,5
JavaScript,./src/renderers/shared/fiber/ReactFiberInstrumentation.js,3,13,5
JavaScript,./fixtures/fiber-debugger/src/index.js,1,0,5
Markdown,./docs/community/examples.it-IT.md,0,0,5
JavaScript,./docs/_js/html-jsx-lib.js,0,2,5
Markdown,./docs/community/complementary-tools.md,0,0,5
Markdown,./.github/ISSUE_TEMPLATE.md,4,0,5
JavaScript,./scripts/rollup/shims/react-native/ReactPerf.js,3,8,5
JavaScript,./fixtures/ssr/src/index.js,2,0,4
Sass,./docs/_css/bourbon/css3/_font-feature-settings.scss,1,5,4
JavaScript,./src/__mocks__/Platform.js,1,6,4
JSON,./eslint-rules/package.json,0,0,4
Bourne Shell,./scripts/circleci/build.sh,2,0,4
JavaScript,./src/__mocks__/ExceptionsManager.js,2,6,4
Sass,./docs/_css/bourbon/css3/_calc.scss,0,0,4
Sass,./docs/_css/bourbon/_bourbon-deprecated-upcoming.scss,0,4,4
JavaScript,./src/renderers/dom/shared/renderSubtreeIntoContainer.js,3,8,3
JavaScript,./src/__mocks__/TextInputState.js,4,8,3
make,./scripts/perf-counters/Makefile,0,0,3
JavaScript,./src/__mocks__/deepFreezeAndThrowOnMutationInDev.js,4,7,3
Sass,./docs/_css/bourbon/functions/_golden-ratio.scss,0,0,3
Markdown,./CONTRIBUTING.md,2,0,3
Sass,./docs/_css/bourbon/css3/_appearance.scss,0,0,3
Sass,./docs/_css/bourbon/css3/_filter.scss,1,1,3
Sass,./docs/_css/bourbon/functions/_grid-width.scss,1,9,3
JavaScript,./scripts/rollup/shims/facebook-www/renderSubtreeIntoContainer.js,3,8,3
Sass,./docs/_css/bourbon/css3/_user-select.scss,0,0,3
Sass,./docs/_css/bourbon/css3/_box-sizing.scss,0,1,3
CSS,./fixtures/ssr/src/components/Page.css,0,0,3
JavaScript,./src/__mocks__/flattenStyle.js,4,7,3
JavaScript,./scripts/rollup/shims/rollup/ReactDebugCurrentFrameRollupShim.js,1,0,3
Sass,./docs/_css/bourbon/functions/_strip-units.scss,1,1,3
JavaScript,./scripts/rollup/shims/rollup/assign.js,1,0,3
TypeScript,./src/isomorphic/modern/class/PropTypes.d.ts,2,12,3
Markdown,./packages/react-noop-renderer/README.md,1,0,3
JavaScript,./scripts/rollup/shims/facebook-www/findDOMNode.js,3,8,3
Bourne Shell,./scripts/circleci/bench.sh,2,0,3
Sass,./docs/_css/bourbon/css3/_backface-visibility.scss,0,3,3
Markdown,./eslint-rules/README.md,2,0,3
Sass,./docs/_css/bourbon/css3/_hyphens.scss,0,1,3
JavaScript,./packages/react-noop-renderer/index.js,1,0,2
JavaScript,./src/node_modules/react-noop-renderer/index.js,2,5,2
JavaScript,./src/node_modules/react-test-renderer/shallow.js,2,5,2
JavaScript,./src/node_modules/react-native/index.js,2,5,2
JavaScript,./src/node_modules/react-dom/unstable-native-dependencies.js,2,5,2
Markdown,./src/node_modules/README.md,1,0,2
JavaScript,./src/node_modules/react/index.js,2,5,2
JavaScript,./scripts/perf-counters/index.js,1,0,2
JavaScript,./src/node_modules/react-test-renderer/index.js,2,5,2
JavaScript,./src/ReactVersion.js,2,8,2
JavaScript,./src/node_modules/react-dom/test-utils.js,2,5,2
JavaScript,./src/node_modules/react-art/index.js,2,5,2
Markdown,./scripts/print-warnings/README.md,0,0,1
JavaScript,./src/__mocks__/InitializeCore.js,4,8,1
JavaScript,./flow/environment.js,2,11,1
JavaScript,./scripts/error-codes/Types.js,2,9,1
Sass,./docs/_css/bourbon/settings/_px-to-em.scss,0,0,1
Sass,./docs/_css/bourbon/settings/_asset-pipeline.scss,0,0,1
JavaScript,./scripts/rollup/shims/rollup/DevOnlyStubShim.js,0,0,1
JavaScript,./scripts/bench/benchmarks/hacker-news/top-stories.js,0,0,1
CSS,./fixtures/attribute-behavior/src/App.css,1,0,0
