module,revisions,code
src/renderers/shared/fiber/ReactFiberScheduler.js,185,1139
src/renderers/shared/fiber/ReactFiberBeginWork.js,159,619
src/renderers/shared/fiber/ReactFiberReconciler.js,113,264
package.json,108,116
src/renderers/shared/fiber/ReactChildFiber.js,100,1164
src/renderers/shared/fiber/ReactFiberCompleteWork.js,93,316
src/renderers/shared/fiber/ReactFiber.js,85,295
src/renderers/shared/fiber/__tests__/ReactIncremental-test.js,81,2102
src/renderers/shared/fiber/ReactFiberCommitWork.js,77,488
src/renderers/dom/shared/__tests__/ReactDOMComponent-test.js,76,1886
src/renderers/dom/fiber/ReactDOMFiberComponent.js,76,994
src/renderers/shared/fiber/ReactFiberClassComponent.js,70,492
scripts/rollup/results.json,70,192
src/renderers/shared/stack/reconciler/ReactCompositeComponent.js,60,983
src/renderers/shared/fiber/ReactFiberUpdateQueue.js,51,375
src/renderers/shared/fiber/__tests__/ReactIncrementalSideEffects-test.js,47,860
src/renderers/shared/fiber/ReactFiberContext.js,45,237
CHANGELOG.md,44,891
docs/tutorial/tutorial.md,39,849
src/renderers/shared/ReactDebugTool.js,39,381
src/renderers/shared/fiber/__tests__/ReactIncrementalErrorHandling-test.js,38,1005
src/renderers/dom/shared/__tests__/ReactDOMServerIntegration-test.js,37,2233
src/renderers/dom/fiber/__tests__/ReactDOMFiber-test.js,37,969
packages/react-dom/package.json,36,43
src/renderers/dom/stack/client/ReactDOMComponent.js,35,936
packages/react-test-renderer/package.json,34,32
packages/react/package.json,33,34
src/renderers/testing/__tests__/ReactTestRenderer-test.js,31,720
scripts/rollup/bundles.js,31,348
src/isomorphic/classic/element/ReactElementValidator.js,31,230
docs/community/conferences.md,30,104
packages/react-noop-renderer/package.json,29,19
src/isomorphic/classic/element/__tests__/ReactElement-test.js,28,498
src/renderers/dom/fiber/ReactDOMFiberEntry.js,27,716
docs/docs/installation.md,27,277
src/renderers/shared/fiber/__tests__/ReactIncrementalScheduling-test.js,27,271
src/isomorphic/hooks/ReactComponentTreeHook.js,26,323
src/renderers/shared/fiber/ReactFiberTreeReflection.js,26,230
README.md,25,40
src/renderers/dom/shared/wrappers/__tests__/ReactDOMInput-test.js,25,1095
src/ReactVersion.js,24,2
src/renderers/dom/fiber/wrappers/ReactDOMFiberSelect.js,24,160
src/renderers/dom/fiber/wrappers/ReactDOMFiberInput.js,23,236
src/renderers/shared/fiber/ReactFiberHostContext.js,23,88
src/renderers/shared/stack/reconciler/ReactChildReconciler.js,23,147
src/isomorphic/classic/element/ReactElement.js,22,260
src/renderers/shared/utils/ReactErrorUtils.js,22,162
scripts/rollup/modules.js,22,258
scripts/rollup/build.js,22,490
src/renderers/dom/__tests__/ReactDOMProduction-test.js,22,244
src/isomorphic/classic/__tests__/ReactContextValidator-test.js,22,291
packages/react-art/package.json,21,42
src/isomorphic/classic/element/__tests__/ReactElementValidator-test.js,20,422
src/renderers/dom/shared/__tests__/ReactServerRendering-test.js,19,642
src/renderers/dom/shared/CSSPropertyOperations.js,19,81
docs/contributing/how-to-contribute.md,19,100
src/renderers/__tests__/ReactCompositeComponent-test.js,19,1187
src/renderers/dom/shared/DOMPropertyOperations.js,19,209
docs/docs/optimizing-performance.md,18,278
src/renderers/shared/stack/reconciler/ReactMultiChild.js,18,358
fixtures/attribute-behavior/src/App.js,18,936
src/isomorphic/classic/element/__tests__/ReactElementClone-test.js,18,310
src/renderers/shared/shared/event/EventPluginHub.js,18,146
src/renderers/shared/stack/reconciler/ReactRef.js,18,104
src/renderers/shared/stack/reconciler/ReactUpdates.js,18,137
src/renderers/dom/shared/hooks/ReactDOMUnknownPropertyHook.js,18,229
src/renderers/shared/stack/reconciler/ReactUpdateQueue.js,18,165
src/renderers/dom/shared/__tests__/ReactMount-test.js,17,340
src/renderers/dom/stack/client/ReactMount.js,17,533
src/isomorphic/modern/element/__tests__/ReactJSXElementValidator-test.js,17,317
src/renderers/shared/stack/reconciler/instantiateReactComponent.js,17,103
src/renderers/shared/fiber/__tests__/ReactCoroutine-test.js,17,190
src/renderers/dom/fiber/wrappers/ReactDOMFiberTextarea.js,16,114
src/renderers/dom/shared/HTMLDOMPropertyConfig.js,16,78
src/renderers/dom/shared/ReactBrowserEventEmitter.js,16,125
docs/docs/reference-react-component.md,16,253
src/renderers/native/ReactNativeEventEmitter.js,16,107
docs/contributing/codebase-overview.md,16,260
src/renderers/dom/shared/eventPlugins/ChangeEventPlugin.js,16,193
docs/docs/forms.md,16,208
scripts/jest/test-framework-setup.js,16,59
src/renderers/shared/server/ReactPartialRenderer.js,16,745
src/isomorphic/children/__tests__/ReactChildren-test.js,16,780
src/renderers/shared/fiber/__tests__/ReactIncrementalUpdates-test.js,16,266
src/renderers/dom/shared/__tests__/CSSPropertyOperations-test.js,16,215
scripts/error-codes/codes.json,15,237
src/renderers/dom/shared/hooks/ReactDOMInvalidARIAHook.js,15,131
src/renderers/__tests__/refs-test.js,15,415
src/renderers/native/__tests__/ReactNativeEvents-test.js,15,346
src/renderers/shared/utils/__tests__/ReactErrorUtils-test.js,15,196
src/renderers/dom/shared/__tests__/DOMPropertyOperations-test.js,15,143
src/renderers/__tests__/ReactUpdates-test.js,15,968
docs/docs/refs-and-the-dom.md,14,173
src/renderers/native/NativeMethodsMixin.js,14,91
src/renderers/dom/stack/client/wrappers/ReactDOMInput.js,14,233
src/renderers/shared/stack/reconciler/ReactReconciler.js,14,145
src/renderers/dom/shared/__tests__/ReactBrowserEventEmitter-test.js,14,368
src/renderers/shared/fiber/__tests__/ReactIncrementalPerf-test.js,14,429
src/renderers/native/__tests__/ReactNativeMount-test.js,14,139
docs/_data/nav_docs.yml,14,81
src/renderers/shared/fiber/__tests__/ReactIncrementalReflection-test.js,14,185
src/renderers/shared/fiber/ReactFiberErrorLogger.js,14,60
docs/docs/lifting-state-up.md,13,250
scripts/prettier/index.js,13,88
docs/docs/jsx-in-depth.md,13,307
src/isomorphic/classic/element/ReactDebugCurrentFrame.js,13,13
scripts/release-manager/Readme.md,13,306
scripts/release-manager/cli.js,13,95
docs/_layouts/default.html,13,78
flow/react-native-host-hooks.js,13,77
docs/docs/thinking-in-react.md,12,95
src/renderers/dom/stack/client/wrappers/ReactDOMSelect.js,12,138
src/renderers/dom/fiber/wrappers/ReactDOMFiberOption.js,12,42
src/renderers/shared/fiber/ReactFiberRoot.js,12,24
scripts/facts-tracker/index.js,12,160
src/isomorphic/modern/class/__tests__/ReactES6Class-test.js,12,409
docs/_config.yml,12,72
src/renderers/native/findNodeHandle.js,12,57
src/renderers/dom/shared/wrappers/__tests__/ReactDOMSelect-test.js,12,549
src/renderers/shared/ReactPerf.js,11,382
src/renderers/dom/shared/utils/ReactControlledValuePropTypes.js,11,80
src/renderers/__tests__/ReactCompositeComponentState-test.js,11,393
src/renderers/dom/shared/__tests__/ReactDOM-test.js,11,252
src/renderers/shared/fiber/ReactFiberDevToolsHook.js,11,66
src/isomorphic/modern/element/__tests__/ReactJSXElement-test.js,11,164
src/renderers/shared/shared/event/eventPlugins/__tests__/ResponderEventPlugin-test.js,11,1093
src/renderers/dom/fiber/__tests__/ReactDOMFiberAsync-test.js,11,244
src/renderers/native/createReactNativeComponentClass.js,11,10
src/renderers/shared/fiber/__tests__/ReactTopLevelFragment-test.js,11,109
src/renderers/__tests__/ReactComponent-test.js,11,472
docs/docs/higher-order-components.md,11,317
src/renderers/shared/fiber/ReactTypeOfSideEffect.js,11,14
src/renderers/art/__tests__/ReactART-test.js,11,267
src/renderers/dom/shared/ReactDOMFeatureFlags.js,11,6
src/renderers/dom/stack/client/wrappers/ReactDOMTextarea.js,10,112
fixtures/dom/src/components/fixtures/index.js,10,41
src/renderers/dom/shared/__tests__/ReactRenderDocument-test.js,10,454
docs/docs/reference-react.md,10,125
src/renderers/dom/shared/ReactDOMComponentTree.js,10,155
src/renderers/shared/fiber/ReactDebugCurrentFiber.js,10,51
src/renderers/shared/utils/ReactFeatureFlags.js,10,5
src/renderers/__tests__/ReactComponentTreeHook-test.js,10,1961
src/renderers/shared/shared/event/EventPluginUtils.js,10,158
src/renderers/native/ReactNativeComponentTree.js,10,54
src/renderers/shared/fiber/ReactFiberStack.js,10,61
src/renderers/shared/stack/reconciler/ReactInstanceType.js,10,26
scripts/release-manager/commands/version.js,10,138
docs/contributing/design-principles.md,10,86
src/isomorphic/modern/class/__tests__/ReactTypeScriptClass-test.ts,10,446
src/renderers/__tests__/ReactComponentLifeCycle-test.js,10,487
src/renderers/native/ReactNativeFiberEntry.js,10,84
src/renderers/shared/fiber/isomorphic/ReactCoroutine.js,10,61
src/renderers/__tests__/ReactStatelessComponent-test.js,10,338
src/isomorphic/modern/class/__tests__/ReactCoffeeScriptClass-test.coffee,10,347
src/renderers/shared/fiber/__tests__/ReactTopLevelText-test.js,10,22
src/renderers/dom/shared/__tests__/inputValueTracking-test.js,10,119
src/renderers/dom/shared/__tests__/ReactDOMTextComponent-test.js,9,161
src/__mocks__/UIManager.js,9,135
src/fb/ReactDOMFiberFBEntry.js,9,18
src/renderers/dom/shared/DOMProperty.js,9,143
src/test/ReactComponentTreeTestUtils.js,9,84
src/renderers/shared/stack/reconciler/ReactOwner.js,9,61
docs/docs/addons-animation.md,9,262
src/renderers/dom/shared/eventPlugins/__tests__/BeforeInputEventPlugin-test.js,9,183
src/renderers/shared/shared/event/EventPropagators.js,9,93
src/renderers/dom/shared/hooks/ReactDOMNullInputValuePropHook.js,9,48
src/renderers/shared/fiber/ReactFiberHydrationContext.js,9,251
src/renderers/shared/shared/event/ReactControlledComponent.js,9,70
src/renderers/shared/shared/event/EventPluginRegistry.js,9,151
src/renderers/dom/shared/validateDOMNesting.js,9,474
src/renderers/native/ReactNativeBridgeEventPlugin.js,9,75
scripts/release-manager/commands/stable-prs.js,9,236
src/renderers/dom/shared/__tests__/ReactDOMInvalidARIAHook-test.js,9,69
fixtures/dom/src/components/Header.js,9,81
docs/docs/addons-test-utils.md,9,184
src/renderers/dom/shared/findDOMNode.js,9,71
fixtures/dom/package.json,9,24
src/renderers/dom/shared/ReactDOMInjection.js,9,6
src/renderers/shared/shared/event/SyntheticEvent.js,8,256
src/renderers/testing/ReactTestRendererFiberEntry.js,8,547
src/renderers/native/ReactNativeAttributePayload.js,8,376
src/renderers/shared/__tests__/ReactDebugTool-test.js,8,58
docs/docs/context.md,8,165
src/renderers/dom/shared/eventPlugins/SelectEventPlugin.js,8,136
docs/contributing/implementation-notes.md,8,677
scripts/release-manager/package.json,8,24
src/renderers/__tests__/ReactPerf-test.js,8,633
src/isomorphic/modern/class/ReactBaseClasses.js,8,87
src/renderers/noop/ReactNoopEntry.js,8,367
src/renderers/dom/shared/inputValueTracking.js,8,106
src/renderers/dom/test/__tests__/ReactTestUtils-test.js,8,327
.eslintrc.js,8,48
src/isomorphic/children/ReactChildren.js,8,255
src/renderers/dom/shared/ReactInputSelection.js,8,82
src/renderers/dom/shared/eventPlugins/SimpleEventPlugin.js,8,228
src/isomorphic/modern/class/ReactNoopUpdateQueue.js,8,44
src/isomorphic/children/__tests__/onlyChild-test.js,8,74
src/renderers/dom/shared/eventPlugins/BeforeInputEventPlugin.js,8,281
docs/docs/introducing-jsx.md,8,118
src/renderers/dom/shared/dangerousStyleValue.js,8,19
src/shared/utils/getComponentName.js,8,23
src/renderers/shared/utils/validateCallback.js,8,11
src/renderers/shared/stack/reconciler/CallbackQueue.js,7,53
src/renderers/shared/fiber/isomorphic/ReactTypes.js,7,30
src/renderers/dom/shared/__tests__/ReactDOMSVG-test.js,7,201
src/renderers/dom/shared/wrappers/__tests__/ReactDOMTextarea-test.js,7,287
src/isomorphic/modern/class/__tests__/ReactClassEquivalence-test.js,7,50
src/renderers/dom/shared/wrappers/__tests__/ReactDOMOption-test.js,7,79
src/renderers/dom/stack/server/ReactServerUpdateQueue.js,7,77
src/renderers/dom/shared/eventPlugins/__tests__/ChangeEventPlugin-test.js,7,164
src/renderers/__tests__/ReactHostOperationHistoryHook-test.js,7,661
docs/docs/typechecking-with-proptypes.md,7,138
src/renderers/native/ReactNativeFiberRenderer.js,7,292
src/renderers/dom/shared/SVGDOMPropertyConfig.js,7,124
src/renderers/shared/stack/reconciler/flattenStackChildren.js,7,74
src/renderers/dom/shared/__tests__/findDOMNode-test.js,7,73
docs/_posts/2016-11-16-react-v15.4.0.md,7,124
scripts/circleci/test_entry_point.sh,7,45
src/renderers/shared/shared/ReactTreeTraversal.js,7,96
src/renderers/shared/fiber/__tests__/ReactIncrementalTriangle-test.js,7,274
src/isomorphic/children/onlyChild.js,7,11
docs/docs/reference-dom-elements.md,7,129
scripts/error-codes/__tests__/dev-expression-with-codes-test.js,7,75
scripts/rollup/packaging.js,7,126
docs/_js/live_editor.js,7,201
scripts/jest/preprocessor.js,7,81
src/renderers/__tests__/ReactMultiChild-test.js,7,315
docs/docs/conditional-rendering.md,7,191
docs/_posts/2017-07-26-error-handling-in-react-16.md,7,74
docs/warnings/dont-call-proptypes.md,6,75
docs/docs/lists-and-keys.md,6,240
src/renderers/dom/stack/server/ReactServerRendering.js,6,67
src/renderers/__tests__/ReactIdentity-test.js,6,192
src/renderers/native/ReactNativeComponent.js,6,75
docs/index.md,6,86
docs/_posts/2016-07-22-create-apps-with-no-configuration.md,6,102
src/renderers/shared/shared/event/eventPlugins/ResponderTouchHistoryStore.js,6,179
src/renderers/__tests__/ReactErrorBoundaries-test.js,6,1944
src/renderers/shared/shared/getContextForSubtree.js,6,23
src/renderers/shared/stack/reconciler/Transaction.js,6,103
src/renderers/native/takeSnapshot.js,6,18
src/renderers/dom/ReactDOMNodeStreamRenderer.js,6,26
docs/docs/web-components.md,6,48
docs/docs/addons-perf.md,6,90
src/renderers/native/ReactNativeFiberHostComponent.js,6,68
src/renderers/shared/hooks/ReactInvalidSetStateWarningHook.js,6,24
docs/docs/hello-world.md,6,25
src/renderers/dom/shared/DOMMarkupOperations.js,6,84
src/renderers/shared/stack/reconciler/traverseStackChildren.js,6,119
src/renderers/shared/stack/reconciler/ReactComponentEnvironment.js,6,27
.github/PULL_REQUEST_TEMPLATE.md,6,9
src/renderers/dom/shared/setInnerHTML.js,6,18
scripts/release-manager/commands/docs-prs.js,6,109
src/renderers/native/ReactNativeViewConfigRegistry.js,6,38
docs/docs/portals.md,6,116
src/renderers/dom/stack/client/ReactDOMStackInjection.js,6,34
packages/react-test-renderer/index.js,6,6
src/renderers/dom/shared/__tests__/ReactDOMComponentTree-test.js,6,100
src/renderers/shared/ReactDOMFrameScheduling.js,6,98
src/renderers/__tests__/refs-destruction-test.js,6,100
fixtures/dom/src/components/fixtures/number-inputs/index.js,6,162
src/renderers/dom/ReactDOMStackEntry.js,6,127
src/renderers/native/ReactNativeTypes.js,6,76
src/renderers/testing/ReactShallowRendererEntry.js,6,203
docs/docs/state-and-lifecycle.md,6,346
src/renderers/shared/fiber/ReactDebugFiberPerf.js,6,324
src/renderers/__tests__/ReactMultiChildText-test.js,6,178
docs/docs/components-and-props.md,6,206
src/renderers/dom/shared/eventPlugins/__tests__/SelectEventPlugin-test.js,6,64
scripts/jest/ts-preprocessor.js,6,85
src/shared/ReactFiberComponentTreeHook.js,6,41
src/isomorphic/modern/class/__tests__/ReactPureComponent-test.js,6,100
src/renderers/dom/shared/eventPlugins/__tests__/SimpleEventPlugin-test.js,6,140
src/renderers/native/ReactNativeInjection.js,6,21
src/renderers/dom/stack/client/DOMLazyTree.js,6,90
src/renderers/shared/shared/event/eventPlugins/ResponderEventPlugin.js,6,278
docs/README.md,6,51
src/renderers/dom/ReactDOMStringRenderer.js,6,16
src/renderers/dom/shared/__tests__/renderSubtreeIntoContainer-test.js,6,260
scripts/circleci/upload_build.sh,5,17
src/renderers/shared/shared/event/__tests__/EventPluginRegistry-test.js,5,188
src/renderers/shared/stack/reconciler/ReactSimpleEmptyComponent.js,5,37
fixtures/attribute-behavior/src/index.js,5,5
src/renderers/shared/stack/reconciler/ReactDefaultBatchingStrategy.js,5,37
src/shared/utils/__tests__/reactProdInvariant-test.js,5,34
docs/css/react.scss,5,1026
docs/warnings/refs-must-have-owner.md,5,22
src/renderers/__tests__/EventPluginHub-test.js,5,38
src/renderers/dom/test/ReactTestUtilsEntry.js,5,344
fixtures/dom/src/components/fixtures/text-inputs/index.js,5,82
src/renderers/testing/__tests__/ReactShallowRenderer-test.js,5,594
src/shared/utils/reactProdInvariant.js,5,21
scripts/release-manager/commands/npm-publish.js,5,51
src/renderers/__tests__/ReactMockedComponent-test.js,5,77
docs/_data/authors.yml,5,75
src/renderers/dom/shared/eventPlugins/__tests__/EnterLeaveEventPlugin-test.js,5,41
fixtures/fiber-debugger/src/App.js,5,249
src/renderers/native/ReactNativeFiberInspector.js,5,100
circle.yml,5,38
src/renderers/dom/shared/syntheticEvents/SyntheticMouseEvent.js,5,42
src/renderers/shared/hooks/ReactHostOperationHistoryHook.js,5,31
fixtures/fiber-debugger/src/Fibers.js,5,379
fixtures/dom/src/components/TestCase.js,5,132
scripts/rollup/header.js,5,13
fixtures/art/VectorWidget.js,5,104
src/renderers/shared/stack/reconciler/ReactHostComponent.js,5,33
src/renderers/shared/fiber/isomorphic/ReactPortal.js,5,27
src/renderers/__tests__/ReactEmptyComponent-test.js,5,243
scripts/release-manager/commands/init.js,5,61
src/renderers/dom/shared/eventPlugins/TapEventPlugin.js,5,111
flow/environment.js,5,1
docs/docs/composition-vs-inheritance.md,5,139
scripts/jest/setupSpecEquivalenceReporter.js,5,17
docs/_posts/2015-02-18-react-conf-roundup-2015.md,5,240
src/renderers/dom/shared/__tests__/ReactEventIndependence-test.js,5,47
docs/docs/addons.md,5,33
src/renderers/shared/shared/event/ReactGenericBatching.js,5,40
src/renderers/native/NativeMethodsMixinUtils.js,5,57
src/renderers/dom/shared/syntheticEvents/__tests__/SyntheticEvent-test.js,5,154
src/renderers/__tests__/ReactChildReconciler-test.js,5,128
fixtures/dom/src/components/fixtures/selects/index.js,5,95
src/renderers/dom/stack/client/ReactDOMTextComponent.js,5,123
docs/docs/handling-events.md,5,111
src/renderers/native/__tests__/createReactNativeComponentClass-test.js,5,53
src/renderers/shared/shared/event/PluginModuleType.js,5,19
docs/docs/react-without-es6.md,5,180
src/renderers/shared/shared/event/ReactSyntheticEventType.js,5,19
docs/docs/reference-react-dom-server.md,5,57
packages/react-dom/index.js,4,23
scripts/tasks/flow.js,4,14
src/renderers/__tests__/ReactMultiChildReconcile-test.js,4,743
src/renderers/__tests__/ReactCompositeComponentDOMMinimalism-test.js,4,70
src/renderers/__tests__/ReactTreeTraversal-test.js,4,198
scripts/tasks/eslint.js,4,18
src/renderers/shared/utils/isTextInputElement.js,4,29
fixtures/dom/src/components/propTypes.js,4,12
fixtures/dom/src/components/fixtures/password-inputs/index.js,4,26
eslint-rules/__tests__/no-primitive-constructors-test.js,4,40
src/renderers/__tests__/ReactCompositeComponentNestedState-test.js,4,98
eslint-rules/no-primitive-constructors.js,4,38
src/renderers/native/ReactNativeGlobalResponderHandler.js,4,13
src/renderers/native/ReactNativeTagHandles.js,4,26
src/isomorphic/classic/element/ReactCurrentOwner.js,4,7
fixtures/dom/src/components/fixtures/number-inputs/NumberTestCase.js,4,35
docs/_posts/2016-09-28-our-first-50000-stars.md,4,174
src/renderers/dom/shared/setTextContent.js,4,31
src/renderers/dom/shared/syntheticEvents/__tests__/SyntheticClipboardEvent-test.js,4,53
packages/react/index.js,4,6
fixtures/packaging/README.md,4,28
docs/docs/react-without-jsx.md,4,43
src/renderers/shared/fiber/ReactPriorityLevel.js,4,10
docs/_js/examples/markdown.js,4,37
src/renderers/native/__tests__/ReactNativeAttributePayload-test.js,4,194
scripts/error-codes/__tests__/invertObject-test.js,4,51
scripts/print-warnings/print-warnings.js,4,59
src/renderers/shared/fiber/__tests__/ReactFiberHostContext-test.js,4,47
src/renderers/shared/utils/forEachAccumulated.js,4,13
src/renderers/dom/shared/utils/isCustomComponent.js,4,20
docs/docs/uncontrolled-components.md,4,53
fixtures/dom/src/components/fixtures/buttons/index.js,4,38
src/renderers/dom/shared/hooks/possibleStandardNames.js,4,482
src/renderers/shared/utils/__tests__/accumulateInto-test.js,4,34
src/renderers/dom/shared/utils/__tests__/setInnerHTML-test.js,4,29
src/renderers/shared/stack/reconciler/ReactNodeTypes.js,4,22
src/renderers/dom/shared/__tests__/quoteAttributeValueForBrowser-test.js,4,30
docs/docs/reconciliation.md,4,99
docs/docs/addons-two-way-binding-helpers.md,4,101
docs/docs/reference-react-dom.md,4,79
src/renderers/dom/shared/ReactDOMSelection.js,4,82
scripts/bench/README.md,4,27
src/renderers/dom/shared/ReactDOMEventListener.js,4,136
fixtures/dom/src/components/fixtures/password-inputs/PasswordTestCase.js,4,33
fixtures/dom/src/style.css,4,185
src/node_modules/react-dom/server.js,4,6
src/renderers/dom/shared/__tests__/ReactDOMAttribute-test.js,4,123
docs/docs/addons-pure-render-mixin.md,4,33
scripts/rollup/shims/facebook-www/ReactFiberErrorLogger.js,4,6
src/renderers/dom/shared/utils/assertValidProps.js,4,66
src/renderers/dom/shared/__tests__/escapeTextContentForBrowser-test.js,4,30
docs/docs/reference-events.md,4,248
src/renderers/dom/shared/__tests__/validateDOMNesting-test.js,4,151
src/renderers/shared/__tests__/ReactDOMFrameScheduling-test.js,4,38
docs/_posts/2016-07-13-mixins-considered-harmful.md,4,459
docs/_data/nav_contributing.yml,4,10
scripts/release-manager/commands/utils/npm.js,4,35
scripts/rollup/shims/react-native/NativeMethodsMixin.js,4,7
src/renderers/dom/shared/utils/isEventSupported.js,4,29
scripts/jest/environment.js,3,13
src/renderers/dom/stack/client/Danger.js,3,32
scripts/rollup/shims/facebook-www/ReactDOMComponentTree.js,3,6
scripts/rollup/shims/facebook-www/ReactInstanceMap.js,3,6
scripts/rollup/shims/react-native/ReactNativePropRegistry.js,3,6
src/isomorphic/ReactEntry.js,3,43
fixtures/dom/src/components/App.js,3,15
scripts/error-codes/invertObject.js,3,12
scripts/rollup/shims/react-native/ReactDebugTool.js,3,6
src/renderers/shared/shared/ReactInstanceMap.js,3,16
fixtures/dom/src/components/Fixture.js,3,17
src/renderers/dom/shared/__tests__/ReactMountDestruction-test.js,3,63
src/renderers/dom/shared/utils/getTextContentAccessor.js,3,12
src/renderers/dom/shared/escapeTextContentForBrowser.js,3,47
CONTRIBUTING.md,3,3
fixtures/packaging/build-all.js,3,39
src/renderers/shared/stack/reconciler/ReactMultiChildUpdateTypes.js,3,7
mocks/ReactElementTestChild.js,3,8
scripts/rollup/shims/facebook-www/findDOMNode.js,3,3
fixtures/art/webpack.config.js,3,34
src/renderers/shared/utils/accumulateInto.js,3,27
src/renderers/dom/stack/client/DOMChildrenOperations.js,3,194
fixtures/packaging/rjs/prod/input.js,3,6
packages/react-dom/server.js,3,6
src/renderers/dom/shared/wrappers/__tests__/ReactDOMIframe-test.js,3,20
scripts/rollup/shims/react-native/TouchHistoryMath.js,3,6
fixtures/packaging/systemjs-builder/prod/input.js,3,6
src/renderers/dom/stack/client/ReactReconcileTransaction.js,3,71
src/renderers/dom/shared/utils/__tests__/getNodeForCharacterOffset-test.js,3,49
docs/docs/addons-update.md,3,86
scripts/rollup/shims/react-native/ReactNative.js,3,9
.github/ISSUE_TEMPLATE.md,3,5
fixtures/fiber-debugger/src/describeFibers.js,3,104
src/isomorphic/classic/__tests__/createReactClassIntegration-test.js,3,407
scripts/release-manager/commands/q.js,3,6
fixtures/packaging/webpack/prod/input.js,3,6
docs/docs/addons-create-fragment.md,3,50
fixtures/dom/public/index.html,3,14
scripts/jest/fiber.setup.js,3,14
fixtures/dom/src/components/FixtureSet.js,3,20
docs/docs/rendering-elements.md,3,66
scripts/tasks/version-check.js,3,27
fixtures/dom/src/components/fixtures/number-inputs/NumberInputDecimal.js,3,29
scripts/error-codes/Types.js,3,1
scripts/rollup/shims/facebook-www/EventPluginUtils.js,3,6
src/renderers/shared/utils/accumulate.js,3,22
src/renderers/dom/stack/client/wrappers/ReactDOMOption.js,3,88
scripts/rollup/shims/facebook-www/EventPluginHub.js,3,6
src/renderers/dom/shared/utils/__tests__/getEventCharCode-test.js,3,59
fixtures/art/package.json,3,13
scripts/rollup/shims/facebook-www/ReactBrowserEventEmitter.js,3,6
scripts/rollup/shims/react-native/createReactNativeComponentClass.js,3,6
src/renderers/dom/shared/ReactDOMClientInjection.js,3,24
docs/_posts/2016-08-05-relay-state-of-the-state.md,3,47
scripts/circleci/test_coverage.sh,3,6
docs/warnings/unknown-prop.md,3,48
src/renderers/dom/stack/client/ReactDOMContainerInfo.js,3,22
docs/docs/addons-shallow-renderer.md,3,49
src/renderers/shared/ReactInstrumentation.js,3,7
scripts/release-manager/commands/utils/git.js,3,60
src/renderers/art/ReactARTFiberEntry.js,3,422
src/renderers/dom/shared/eventPlugins/__tests__/FallbackCompositionState-test.js,3,65
docs/Rakefile,3,63
src/renderers/native/ReactNativeFiberErrorDialog.js,3,24
src/shared/utils/lowPriorityWarning.js,3,26
fixtures/dom/src/tags.js,3,43
fixtures/ssr/server/render.js,3,16
scripts/error-codes/extract-errors.js,3,73
docs/docs/accessibility.md,3,174
fixtures/dom/src/components/fixtures/number-inputs/NumberInputExtraZeroes.js,3,26
scripts/rollup/shims/facebook-www/ReactErrorUtils.js,3,6
src/renderers/shared/shared/shouldUpdateReactComponent.js,3,20
docs/_data/nav_tutorial.yml,3,88
src/renderers/shared/stack/reconciler/__tests__/Transaction-test.js,3,249
src/renderers/testing/__tests__/ReactTestRendererTraversal-test.js,3,116
src/renderers/dom/shared/CSSProperty.js,3,110
scripts/rollup/stats.js,3,63
src/renderers/shared/ReactGlobalSharedState.js,3,13
src/renderers/dom/shared/syntheticEvents/__tests__/SyntheticWheelEvent-test.js,3,45
scripts/rollup/shims/react-native/ReactNativeComponentTree.js,3,6
src/renderers/shared/utils/__tests__/adler32-test.js,3,24
fixtures/attribute-behavior/AttributeTableSnapshot.md,3,12984
src/test/getTestDocument.js,3,12
fixtures/dom/src/components/fixtures/input-change-events/index.js,3,82
fixtures/ssr/server/index.js,3,55
fixtures/attribute-behavior/package.json,3,20
scripts/bench/stats.js,3,145
mocks/ReactMockedComponentTestComponent.js,3,13
fixtures/dom/src/components/fixtures/text-inputs/InputTestCase.js,3,49
docs/docs/addons-shallow-compare.md,3,33
src/renderers/dom/shared/__tests__/ReactServerRenderingBrowser-test.js,3,54
docs/_posts/2013-07-23-community-roundup-5.md,3,74
scripts/rollup/shims/facebook-www/SyntheticUIEvent.js,3,6
docs/_posts/2014-02-05-community-roundup-15.md,3,85
src/node_modules/react-native/index.js,3,2
scripts/error-codes/README.md,3,12
docs/_posts/2013-07-03-community-roundup-4.md,3,42
scripts/rollup/shims/facebook-www/EventPropagators.js,3,6
fixtures/dom/src/components/fixtures/error-handling/index.js,3,156
docs/_includes/navigation.html,3,23
src/renderers/shared/utils/adler32.js,3,28
src/node_modules/react-noop-renderer/index.js,2,2
scripts/rollup/shims/facebook-www/DOMProperty.js,2,5
docs/_posts/2017-06-13-react-v15.6.0.md,2,66
src/renderers/dom/ReactDOMServerNodeEntry.js,2,12
scripts/rollup/shims/react-native/ReactPerf.js,2,5
src/renderers/dom/stack/server/ReactMarkupChecksum.js,2,27
scripts/rollup/plugins/__tests__/wrap-warning-with-env-check-test.js,2,34
scripts/release-manager/commands/start-release.js,2,25
scripts/jest/stack.setup.js,2,8
fixtures/dom/src/components/fixtures/date-inputs/index.js,2,28
src/renderers/dom/shared/HTMLNodeType.js,2,9
eslint-rules/index.js,2,7
docs/_posts/2017-09-08-dom-attributes-in-react-16.md,2,120
docs/_js/ErrorDecoderComponent.js,2,84
docs/docs/reference-pure-render-mixin.md,2,40
src/renderers/shared/stack/reconciler/ReactCompositeComponentTypes.js,2,6
scripts/rollup/sync.js,2,38
docs/_includes/nav_docs.html,2,35
src/renderers/dom/shared/syntheticEvents/__tests__/SyntheticKeyboardEvent-test.js,2,91
docs/_posts/2014-02-15-community-roundup-16.md,2,41
src/node_modules/react/index.js,2,2
src/__mocks__/InitializeCore.js,2,1
fixtures/dom/src/index.js,2,9
src/renderers/dom/shared/eventPlugins/EnterLeaveEventPlugin.js,2,86
fixtures/dom/src/components/fixtures/textareas/index.js,2,30
src/renderers/dom/ReactDOMServerBrowserEntry.js,2,24
scripts/bench/benchmark.js,2,115
fixtures/art/app.js,2,5
fixtures/packaging/webpack/prod/config.js,2,18
src/renderers/shared/shared/event/BrowserEventConstants.js,2,80
fixtures/dom/src/components/fixtures/input-change-events/RangeKeyboardFixture.js,2,59
src/renderers/dom/shared/utils/getEventTarget.js,2,10
src/renderers/dom/shared/syntheticEvents/SyntheticKeyboardEvent.js,2,53
scripts/release-manager/commands/npm-check-access.js,2,38
docs/_posts/2016-04-07-react-v15.md,2,159
src/node_modules/react-test-renderer/shallow.js,2,2
src/renderers/dom/shared/syntheticEvents/SyntheticTouchEvent.js,2,29
scripts/bench/build.js,2,102
fixtures/ssr/src/components/Chrome.js,2,27
packages/react-art/lib/Circle.art.js,2,20
src/renderers/dom/shared/syntheticEvents/SyntheticUIEvent.js,2,39
src/renderers/dom/shared/syntheticEvents/SyntheticClipboardEvent.js,2,25
src/renderers/dom/shared/ReactDOMUnstableNativeDependenciesEntry.js,2,14
src/renderers/dom/shared/__tests__/ReactDOMEventListener-test.js,2,173
scripts/bench/runner.js,2,113
docs/_posts/2015-03-30-community-roundup-26.md,2,49
docs/downloads/single-file-example.html,2,19
src/isomorphic/modern/class/React.d.ts,2,13
src/__mocks__/deepFreezeAndThrowOnMutationInDev.js,2,3
packages/react-art/lib/Rectangle.art.js,2,81
src/renderers/dom/shared/syntheticEvents/SyntheticInputEvent.js,2,21
fixtures/dom/src/components/fixtures/input-change-events/RadioClickFixture.js,2,40
docs/_posts/2013-09-24-community-roundup-8.md,2,46
fixtures/dom/src/components/fixtures/date-inputs/switch-date-test-case.js,2,55
src/renderers/dom/shared/warnValidStyle.js,2,112
src/renderers/dom/shared/syntheticEvents/SyntheticWheelEvent.js,2,37
src/node_modules/react-dom/test-utils.js,2,2
fixtures/dom/src/components/fixtures/input-change-events/InputPlaceholderFixture.js,2,50
src/node_modules/react-dom/index.js,2,6
src/renderers/shared/stack/reconciler/ReactDebugCurrentStack.js,2,19
scripts/rollup/shims/react-native/ReactNativeBridgeEventPlugin.js,2,6
src/renderers/dom/stack/client/ReactDOMIDOperations.js,2,10
scripts/rollup/shims/rollup/ReactDebugCurrentFrameRollupShim.js,2,3
src/renderers/dom/shared/DOMNamespaces.js,2,34
docs/html-jsx.html,2,5
docs/_posts/2016-07-11-introducing-reacts-error-code-system.md,2,11
src/renderers/shared/shared/event/ReactEventEmitterMixin.js,2,23
src/renderers/dom/ReactDOMServerStackEntry.js,2,20
src/renderers/dom/shared/utils/getEventKey.js,2,71
fixtures/fiber-debugger/package.json,2,18
src/renderers/dom/shared/checkReact.js,2,7
scripts/circleci/build_gh_pages.sh,2,27
src/renderers/dom/shared/syntheticEvents/SyntheticFocusEvent.js,2,21
src/renderers/dom/shared/syntheticEvents/SyntheticCompositionEvent.js,2,24
scripts/rollup/plugins/wrap-warning-with-env-check.js,2,27
fixtures/packaging/webpack-alias/dev/config.js,2,14
src/renderers/dom/shared/utils/__tests__/getEventKey-test.js,2,54
src/renderers/shared/fiber/ReactFiberInstrumentation.js,2,5
src/isomorphic/modern/class/PropTypes.d.ts,2,3
fixtures/ssr/src/components/App.js,2,15
docs/_posts/2013-12-30-community-roundup-13.md,2,80
src/renderers/dom/shared/syntheticEvents/SyntheticDragEvent.js,2,21
src/renderers/dom/shared/syntheticEvents/SyntheticAnimationEvent.js,2,23
docs/_posts/2015-12-16-ismounted-antipattern.md,2,60
src/node_modules/react-art/index.js,2,2
docs/_posts/2017-04-07-react-v15.5.0.md,2,154
src/renderers/dom/stack/client/ReactDOMEmptyComponent.js,2,43
scripts/release-manager/commands/npm-grant-access.js,2,42
src/isomorphic/modern/class/ReactDOM.d.ts,2,5
docs/_posts/2015-08-13-reacteurope-roundup.md,2,39
src/renderers/dom/shared/utils/getEventModifierState.js,2,20
src/__mocks__/Platform.js,2,4
src/renderers/dom/shared/utils/voidElementTags.js,2,7
src/__mocks__/flattenStyle.js,2,3
scripts/bench/server.js,2,67
docs/_posts/2013-06-12-community-roundup.md,2,34
docs/community/videos.md,2,127
docs/community/support.md,2,21
src/renderers/dom/shared/utils/getNodeForCharacterOffset.js,2,35
fixtures/ssr/src/index.js,2,4
src/renderers/dom/shared/syntheticEvents/SyntheticTransitionEvent.js,2,23
scripts/babel/transform-object-assign-require.js,2,35
docs/docs/integrating-with-other-libraries.md,2,328
fixtures/packaging/webpack-alias/prod/config.js,2,14
src/renderers/dom/shared/utils/AutoFocusUtils.js,2,9
src/shared/describeComponentFrame.js,2,18
scripts/circleci/build.sh,2,4
src/renderers/dom/shared/hooks/validAriaProperties.js,2,52
fixtures/dom/src/components/fixtures/range-inputs/index.js,2,27
scripts/circleci/test_print_warnings.sh,2,5
scripts/rollup/shims/facebook-www/renderSubtreeIntoContainer.js,2,3
src/__mocks__/ExceptionsManager.js,2,4
src/renderers/shared/fiber/ReactTypeOfInternalContext.js,2,6
docs/_layouts/contributing.html,2,20
src/renderers/__tests__/multiple-copies-of-react-test.js,2,37
src/__mocks__/deepDiffer.js,2,42
src/renderers/dom/stack/client/ReactComponentBrowserEnvironment.js,2,8
docs/warnings/special-props.md,2,7
packages/react-art/lib/Wedge.art.js,2,75
packages/react-noop-renderer/index.js,2,2
docs/warnings/legacy-factories.md,2,41
docs/_posts/2013-08-26-community-roundup-7.md,2,61
src/renderers/shared/shared/event/eventPlugins/ResponderSyntheticEvent.js,2,23
scripts/tasks/jest.js,2,26
docs/docs/error-decoder.md,2,10
src/renderers/dom/stack/server/ReactServerRenderingTransaction.js,2,38
src/renderers/dom/shared/eventPlugins/FallbackCompositionState.js,2,51
src/shared/ReactElementType.js,2,19
docs/_posts/2014-08-03-community-roundup-21.md,2,76
fixtures/ssr/src/components/Page.js,2,22
src/renderers/dom/shared/utils/omittedCloseTags.js,2,19
packages/react-art/index.js,1,6
fixtures/packaging/webpack/prod/package.json,1,10
scripts/perf-counters/src/portability.h,1,99
docs/_js/html-jsx-lib.js,1,5
src/renderers/dom/shared/renderSubtreeIntoContainer.js,1,3
packages/react-dom/unstable-native-dependencies.js,1,6
fixtures/ssr/src/components/Page.css,1,3
fixtures/ssr/public/index.html,1,13
fixtures/packaging/globals/prod.html,1,13
fixtures/dom/src/react-loader.js,1,41
packages/react-noop-renderer/README.md,1,3
src/package.json,1,5
fixtures/fiber-debugger/src/index.js,1,5
docs/_js/examples/hello.js,1,13
docs/_posts/2014-05-06-flux.md,1,10
scripts/bench/benchmarks/hacker-news/index.html,1,37
fixtures/ssr/package.json,1,25
docs/_posts/2013-06-19-community-roundup-2.md,1,50
docs/feed.xml,1,20
scripts/perf-counters/package.json,1,10
scripts/perf-counters/src/hardware-counter.cpp,1,366
fixtures/dom/src/components/fixtures/event-pooling/mouse-move.js,1,41
scripts/bench/benchmarks/hacker-news/generate.js,1,19
docs/_posts/2015-03-04-community-roundup-25.md,1,38
docs/community/videos.it-IT.md,1,112
scripts/bench/benchmarks/pe-no-components/index.html,1,32
docs/_posts/2014-11-25-community-roundup-24.md,1,59
docs/_posts/2014-02-24-community-roundup-17.md,1,48
src/__mocks__/RCTEventEmitter.js,1,5
docs/_posts/2014-01-02-react-chrome-developer-tools.md,1,11
eslint-rules/warning-and-invariant-args.js,1,65
docs/_posts/2016-01-12-discontinuing-ie8-support.md,1,7
docs/_css/_typography.scss,1,112
fixtures/packaging/index.html,1,92
src/__mocks__/TextInputState.js,1,3
fixtures/packaging/brunch/prod/index.html,1,7
docs/_js/examples/todo.js,1,52
docs/_posts/2014-03-14-community-roundup-18.md,1,58
docs/_posts/2013-06-05-why-react.md,1,67
packages/react-test-renderer/README.md,1,15
docs/_posts/2014-01-06-community-roundup-14.md,1,58
fixtures/ssr/src/components/Chrome.css,1,5
scripts/circleci/bench.sh,1,3
scripts/release-manager/.eslintrc.js,1,6
src/renderers/shared/stack/__tests__/PooledClass-test.js,1,96
packages/react-dom/test-utils.js,1,6
fixtures/packaging/rjs/prod/config.js,1,10
src/renderers/dom/shared/createMicrosoftUnsafeLocalFunction.js,1,13
scripts/shared/evalToString.js,1,15
src/shared/ReactTypeOfWork.js,1,15
docs/_css/bourbon/helpers/_linear-positions-parser.scss,1,55
docs/_posts/2015-09-10-react-v0.14-rc1.md,1,124
src/renderers/shared/shared/event/getVendorPrefixedEventName.js,1,45
fixtures/packaging/systemjs-builder/prod/config.js,1,6
scripts/jest/fiber.config.json,1,38
src/renderers/shared/stack/PooledClass.js,1,82
scripts/rollup/shims/rollup/DevOnlyStubShim.js,1,1
src/__mocks__/View.js,1,7
src/renderers/native/ReactNativeEventPluginOrder.js,1,6
scripts/circleci/track_stats.sh,1,6
src/renderers/shared/stack/reconciler/ReactEmptyComponent.js,1,14
fixtures/packaging/systemjs-builder/prod/build.js,1,11
docs/_posts/2017-05-18-whats-new-in-create-react-app.md,1,54
fixtures/packaging/requirejs/prod.html,1,20
fixtures/packaging/babel-standalone/dev.html,1,14
docs/_posts/2017-09-26-react-v16.0.md,1,137
docs/_posts/2015-03-26-introducing-react-native.md,1,12
fixtures/fiber-triangle/index.html,1,212
scripts/rollup/plugins/sizes-plugin.js,1,10
docs/_posts/2013-11-06-community-roundup-10.md,1,88
src/renderers/shared/stack/reconciler/KeyEscapeUtils.js,1,34
docs/_posts/2014-07-28-community-roundup-20.md,1,76
scripts/bench/package.json,1,21
docs/_posts/2013-06-27-community-roundup-3.md,1,71
src/renderers/shared/stack/reconciler/getHostComponentFromComposite.js,1,14
scripts/perf-counters/src/hardware-counter.h,1,75
docs/_posts/2014-09-12-community-round-up-22.md,1,76
docs/_includes/hero.html,1,12
docs/css/codemirror.css,1,271
docs/_includes/nav_tutorial.html,1,23
fixtures/dom/src/polyfills.js,1,27
docs/_layouts/docs.html,1,23
fixtures/dom/src/components/fixtures/event-pooling/persistence.js,1,50
packages/react-test-renderer/shallow.js,1,6
scripts/error-codes/replace-invariant-error-codes.js,1,81
fixtures/dom/README.md,1,12
docs/docs/reference-javascript-environment-requirements.md,1,25
fixtures/dom/src/components/IssueList.js,1,21
docs/_posts/2015-03-10-react-v0.13.md,1,59
fixtures/dom/src/components/fixtures/input-change-events/RadioGroupFixture.js,1,49
fixtures/packaging/systemjs/prod.html,1,25
packages/react-art/README.md,1,7
scripts/rollup/shims/rollup/assign.js,1,3
docs/warnings/invalid-aria-prop.md,1,8
src/renderers/dom/shared/eventPlugins/DOMEventPluginOrder.js,1,11
docs/_includes/footer.html,1,41
src/renderers/dom/stack/server/ReactServerBatchingStrategy.js,1,7
docs/_includes/nav_community.html,1,23
scripts/rollup/shims/react-native/ReactGlobalSharedState.js,1,6
docs/_posts/2016-04-08-react-v15.0.1.md,1,25
fixtures/packaging/rjs/prod/index.html,1,7
docs/_posts/2015-07-03-react-v0.14-beta-1.md,1,50
docs/_posts/2014-06-27-community-roundup-19.md,1,32
src/renderers/dom/shared/ReactDOMComponentFlags.js,1,5
fixtures/dom/src/components/fixtures/event-pooling/index.js,1,15
fixtures/art/index.html,1,17
docs/_posts/2014-05-29-one-year-of-open-source-react.md,1,9
docs/_posts/2013-12-23-community-roundup-12.md,1,66
packages/react-test-renderer/stack.js,1,6
fixtures/packaging/rjs/dev/config.js,1,10
scripts/shared/__tests__/evalToString-test.js,1,26
docs/_layouts/community.html,1,25
scripts/rollup/mangle.js,1,8
docs/_data/acknowledgements.yml,1,697
docs/_js/examples/timer.js,1,29
docs/_posts/2015-10-07-react-v0.14.md,1,141
fixtures/packaging/browserify/prod/package.json,1,13
fixtures/packaging/brunch/dev/package.json,1,10
eslint-rules/__tests__/warning-and-invariant-args-test.js,1,89
docs/_posts/2014-02-20-react-v0.9.md,1,114
scripts/jest/stack.config.json,1,38
docs/_plugins/sidebar_item.rb,1,32
fixtures/ssr/README.md,1,16
fixtures/art/README.md,1,7
docs/_posts/2014-11-24-react-js-conf-updates.md,1,31
fixtures/packaging/brunch/prod/package.json,1,10
fixtures/attribute-behavior/src/attributes.js,1,2318
docs/circle.yml,1,5
fixtures/attribute-behavior/src/App.css,1,0
scripts/bench/benchmarks/pe-no-components/benchmark.js,1,4021
docs/_css/_solarized.scss,1,171
scripts/jest/jest.d.ts,1,66
fixtures/packaging/rjs/prod/package.json,1,10
docs/_posts/2013-10-29-react-v0-5-1.md,1,16
scripts/perf-counters/src/thread-local.h,1,502
fixtures/packaging/systemjs-builder/dev/config.js,1,6
scripts/perf-counters/src/jsc-perf.cpp,1,175
docs/_posts/2015-05-22-react-native-release-process.md,1,14
src/renderers/native/ReactNativePropRegistry.js,1,26
src/renderers/native/findNumericNodeHandle.js,1,11
packages/react-dom/server.browser.js,1,6
fixtures/packaging/brunch/prod/config.js,1,10
scripts/perf-counters/src/thread-local.cpp,1,74
docs/_posts/2013-08-05-community-roundup-6.md,1,58
docs/_layouts/tutorial.html,1,25
docs/crowdin.yaml,1,100
docs/docs/reference-test-renderer.md,1,200
docs/_plugins/authors.rb,1,17
src/node_modules/react-test-renderer/index.js,1,2
scripts/bench/benchmarks/hacker-news/style.css,1,48
scripts/bench/benchmarks/hacker-news/top-stories.js,1,1
fixtures/attribute-behavior/src/index.css,1,7
docs/_layouts/post.html,1,10
fixtures/fiber-debugger/src/Editor.js,1,36
src/node_modules/react-dom/unstable-native-dependencies.js,1,2
packages/react/README.md,1,11
fixtures/dom/src/components/fixtures/event-pooling/hit-box.js,1,31
fixtures/packaging/webpack/prod/index.html,1,6
scripts/perf-counters/src/perf-counters.cpp,1,35
scripts/bench/benchmarks/pe-no-components/build.js,1,15
docs/404.md,1,7
docs/_posts/2014-02-16-react-v0.9-rc1.md,1,106
docs/_posts/2014-10-17-community-roundup-23.md,1,97
scripts/rollup/utils.js,1,26
docs/_posts/2015-09-02-new-react-developer-tools.md,1,19
scripts/print-warnings/README.md,1,1
docs/_posts/2015-12-29-react-v0.14.4.md,1,28
src/renderers/shared/shared/event/eventPlugins/TouchHistoryMath.js,1,117
src/renderers/dom/shared/utils/getEventCharCode.js,1,18
src/node_modules/README.md,1,2
docs/_data/nav_community.yml,1,14
docs/_posts/2013-10-3-community-roundup-9.md,1,67
docs/_posts/2015-02-20-introducing-relay-and-graphql.md,1,36
docs/jsx-compiler.md,1,8
scripts/rollup/shims/react-native/takeSnapshot.js,1,6
fixtures/packaging/systemjs-builder/prod/package.json,1,10
docs/acknowledgements.md,1,21
src/renderers/dom/shared/quoteAttributeValueForBrowser.js,1,6
scripts/circleci/set_up_github_keys.sh,1,8
docs/_posts/2017-09-25-react-v15.6.2.md,1,45
docs/docs/cross-origin-errors.md,1,21
docs/_layouts/hero.html,1,9
docs/_posts/2013-11-18-community-roundup-11.md,1,57
docs/_js/anchor-links.js,1,22
scripts/bench/benchmarks/hacker-news/benchmark.js,1,219
